 drop database  if EXISTS QL;
CREATE DATABASE QL;

USE QL;

CREATE TABLE ACCOUNT(
	AID NVARCHAR(10) PRIMARY KEY,
	USERNAME NVARCHAR(10) NOT NULL ,
	PASSWORD  NVARCHAR(10) NOT NULL,
	PERMISSION INT DEFAULT 1, -- 0: Admin 1: Sinh Vien 2: Giang Vien
	DATEOFCREATE DATE CHECK (DATEOFCREATE < sysdate())
);

CREATE TABLE FACULTY(
	FID NVARCHAR(10) PRIMARY KEY,
	NAME NVARCHAR(50) NOT NULL 
);

CREATE TABLE ROOM(
	RID NVARCHAR(10) PRIMARY KEY,
	NAME NVARCHAR(50) NOT NULL,
    AREA NVARCHAR(10) NOT NULL
);

CREATE TABLE STUDENT(
	SID NVARCHAR(10) PRIMARY KEY,
	NAME NVARCHAR(50) NOT NULL ,
	GENDER BIT NOT NULL,
	DATEOFBIRTH DATE NOT NULL CHECK (DATEOFBIRTH < sysdate()),
	EMAIL NVARCHAR(50) NOT NULL CHECK(EMAIL LIKE '%@%'),
	PHONE NVARCHAR(10) NOT NULL ,
	ADDRESS NVARCHAR(100) NOT NULL,
	AID NVARCHAR(10) NOT NULL,
	FID NVARCHAR(10) NOT NULL,
	FOREIGN KEY (AID) REFERENCES ACCOUNT(AID) ON DELETE CASCADE,
	FOREIGN KEY (FID) REFERENCES FACULTY(FID) ON DELETE CASCADE
);

CREATE TABLE TEACHER(
	TID NVARCHAR(10) PRIMARY KEY,
	NAME NVARCHAR(50) NOT NULL ,
	EMAIL NVARCHAR(50) NOT NULL CHECK (EMAIL LIKE '%@%'),
	PHONE NVARCHAR(10) NOT NULL ,
	ADDRESS NVARCHAR(100) NOT NULL,
	AID NVARCHAR(10) NOT NULL,
	FOREIGN KEY (AID) REFERENCES ACCOUNT(AID) ON DELETE CASCADE 
);

CREATE TABLE ADMIN(
	ID NVARCHAR(10) PRIMARY KEY,
	NAME NVARCHAR(50) NOT NULL ,
	EMAIL NVARCHAR(50) NOT NULL CHECK (EMAIL LIKE '%@%'),
	PHONE NVARCHAR(10) NOT NULL,
	ADDRESS NVARCHAR(100) NOT NULL,
	AID NVARCHAR(10) NOT NULL,
	FOREIGN KEY (AID) REFERENCES ACCOUNT(AID) ON DELETE CASCADE 
);

CREATE TABLE COURSE(
	CID NVARCHAR(15) PRIMARY KEY,
	NAME NVARCHAR(50) NOT NULL,
	DESCRIPTION NVARCHAR(100) NOT NULL,
    NUMBEROFCREDITS INT NOT NULL,
    CHECK (NUMBEROFCREDITS < 4 AND NUMBEROFCREDITS > 0)
);

CREATE TABLE COURSE_CLASS(
	CID NVARCHAR(15) NOT NULL,
	CCID NVARCHAR(15) PRIMARY KEY,
    RID NVARCHAR(10) NOT NULL,
    TID NVARCHAR(10),
	STATUS BIT DEFAULT 1, -- 1. Mo 0. Dong
	SEMESTER INT NOT NULL,
	DESCRIPTION NVARCHAR(100) NOT NULL,
	FOREIGN KEY (CID) REFERENCES COURSE(CID),
    FOREIGN KEY (RID) REFERENCES ROOM(RID),
    FOREIGN KEY (TID) REFERENCES TEACHER(TID)
);

CREATE TABLE TRANSCRIPT(
	CCID NVARCHAR(15) NOT NULL,
	SID NVARCHAR(10) NOT NULL,
	SCORE FLOAT CHECK(SCORE >= 0 AND SCORE <= 10) DEFAULT 0,
	PRIMARY KEY (CCID, SID),
	FOREIGN KEY (CCID) REFERENCES COURSE_CLASS(CCID) ON DELETE CASCADE,
	FOREIGN KEY (SID) REFERENCES STUDENT(SID) ON DELETE CASCADE
);
INSERT INTO ACCOUNT VALUES(N'01', N'duy', N'12345', 0, NOW());
INSERT INTO ACCOUNT VALUES(N'02', N'quy', N'12345', 0, NOW());
INSERT INTO ACCOUNT VALUES(N'03', N'tue', N'12345', 0, NOW());
INSERT INTO ACCOUNT VALUES(N'04', N'trung', N'12345', 0, NOW());

-- data account studen
INSERT INTO ACCOUNT VALUES(N'05', N'student1', N'12345', 1, NOW());
INSERT INTO ACCOUNT VALUES(N'06', N'student2', N'12345', 1, NOW());  
INSERT INTO ACCOUNT VALUES(N'07', N'student3', N'12345', 1, NOW());  
INSERT INTO ACCOUNT VALUES(N'08', N'student4', N'12345', 1, NOW());  
INSERT INTO ACCOUNT VALUES(N'09', N'student5', N'12345', 1, NOW());  
INSERT INTO ACCOUNT VALUES(N'10', N'student6', N'12345', 1, NOW()); 
INSERT INTO ACCOUNT VALUES(N'11', N'student7', N'12345', 1, NOW()); 
INSERT INTO ACCOUNT VALUES(N'12', N'student8', N'12345', 1, NOW()); 
INSERT INTO ACCOUNT VALUES(N'13', N'student9', N'12345', 1, NOW()); 
INSERT INTO ACCOUNT VALUES(N'14', N'student10', N'12345', 1, NOW());
INSERT INTO ACCOUNT VALUES(N'15', N'student11', N'12345', 1, NOW());
INSERT INTO ACCOUNT VALUES(N'16', N'student12', N'12345', 1, NOW());
INSERT INTO ACCOUNT VALUES(N'17', N'student13', N'12345', 1, NOW());
INSERT INTO ACCOUNT VALUES(N'18', N'student14', N'12345', 1, NOW());
INSERT INTO ACCOUNT VALUES(N'19', N'student15', N'12345', 1, NOW());
INSERT INTO ACCOUNT VALUES(N'20', N'student16', N'12345', 1, NOW());
INSERT INTO ACCOUNT VALUES(N'21', N'student17', N'12345', 1, NOW());
INSERT INTO ACCOUNT VALUES(N'22', N'student18', N'12345', 1, NOW());
INSERT INTO ACCOUNT VALUES(N'23', N'student19', N'12345', 1, NOW());
INSERT INTO ACCOUNT VALUES(N'24', N'student20', N'12345', 1, NOW());
INSERT INTO ACCOUNT VALUES(N'25', N'student21', N'12345', 1, NOW());
INSERT INTO ACCOUNT VALUES(N'26', N'student22', N'12345', 1, NOW());
INSERT INTO ACCOUNT VALUES(N'27', N'student23', N'12345', 1, NOW());
INSERT INTO ACCOUNT VALUES(N'28', N'student24', N'12345', 1, NOW());
INSERT INTO ACCOUNT VALUES(N'29', N'student25', N'12345', 1, NOW());
INSERT INTO ACCOUNT VALUES(N'30', N'student26', N'12345', 1, NOW());
INSERT INTO ACCOUNT VALUES(N'31', N'student27', N'12345', 1, NOW());
INSERT INTO ACCOUNT VALUES(N'32', N'student28', N'12345', 1, NOW());
INSERT INTO ACCOUNT VALUES(N'33', N'student29', N'12345', 1, NOW());
INSERT INTO ACCOUNT VALUES(N'34', N'student30', N'12345', 1, NOW());
INSERT INTO ACCOUNT VALUES(N'35', N'student31', N'12345', 1, NOW());
INSERT INTO ACCOUNT VALUES(N'36', N'student32', N'12345', 1, NOW());
INSERT INTO ACCOUNT VALUES(N'37', N'student33', N'12345', 1, NOW());
INSERT INTO ACCOUNT VALUES(N'38', N'student34', N'12345', 1, NOW());
INSERT INTO ACCOUNT VALUES(N'39', N'student35', N'12345', 1, NOW());
INSERT INTO ACCOUNT VALUES(N'40', N'student36', N'12345', 1, NOW());
INSERT INTO ACCOUNT VALUES(N'41', N'student37', N'12345', 1, NOW());
INSERT INTO ACCOUNT VALUES(N'42', N'student38', N'12345', 1, NOW());
INSERT INTO ACCOUNT VALUES(N'43', N'student39', N'12345', 1, NOW());
INSERT INTO ACCOUNT VALUES(N'44', N'student40', N'12345', 1, NOW());
INSERT INTO ACCOUNT VALUES(N'45', N'student41', N'12345', 1, NOW());
INSERT INTO ACCOUNT VALUES(N'46', N'student42', N'12345', 1, NOW());
INSERT INTO ACCOUNT VALUES(N'47', N'student43', N'12345', 1, NOW());
INSERT INTO ACCOUNT VALUES(N'48', N'student44', N'12345', 1, NOW());
INSERT INTO ACCOUNT VALUES(N'49', N'student45', N'12345', 1, NOW());
INSERT INTO ACCOUNT VALUES(N'50', N'student46', N'12345', 1, NOW());
INSERT INTO ACCOUNT VALUES(N'51', N'student47', N'12345', 1, NOW());
INSERT INTO ACCOUNT VALUES(N'52', N'student48', N'12345', 1, NOW());
INSERT INTO ACCOUNT VALUES(N'53', N'student49', N'12345', 1, NOW());
INSERT INTO ACCOUNT VALUES(N'54', N'student50', N'12345', 1, NOW());
INSERT INTO ACCOUNT VALUES(N'55', N'student51', N'12345', 1, NOW());
INSERT INTO ACCOUNT VALUES(N'56', N'student52', N'12345', 1, NOW());
INSERT INTO ACCOUNT VALUES(N'57', N'student53', N'12345', 1, NOW());
INSERT INTO ACCOUNT VALUES(N'58', N'student54', N'12345', 1, NOW());
INSERT INTO ACCOUNT VALUES(N'59', N'student55', N'12345', 1, NOW());
INSERT INTO ACCOUNT VALUES(N'60', N'student56', N'12345', 1, NOW());
INSERT INTO ACCOUNT VALUES(N'61', N'student57', N'12345', 1, NOW());
INSERT INTO ACCOUNT VALUES(N'62', N'student58', N'12345', 1, NOW());
INSERT INTO ACCOUNT VALUES(N'63', N'student59', N'12345', 1, NOW());
INSERT INTO ACCOUNT VALUES(N'64', N'student60', N'12345', 1, NOW());
INSERT INTO ACCOUNT VALUES(N'65', N'student61', N'12345', 1, NOW());
INSERT INTO ACCOUNT VALUES(N'66', N'student62', N'12345', 1, NOW());
INSERT INTO ACCOUNT VALUES(N'67', N'student63', N'12345', 1, NOW());
INSERT INTO ACCOUNT VALUES(N'68', N'student64', N'12345', 1, NOW());
INSERT INTO ACCOUNT VALUES(N'69', N'student65', N'12345', 1, NOW());
INSERT INTO ACCOUNT VALUES(N'70', N'student66', N'12345', 1, NOW());
INSERT INTO ACCOUNT VALUES(N'71', N'student67', N'12345', 1, NOW());
INSERT INTO ACCOUNT VALUES(N'72', N'student68', N'12345', 1, NOW());
INSERT INTO ACCOUNT VALUES(N'73', N'student69', N'12345', 1, NOW());
INSERT INTO ACCOUNT VALUES(N'74', N'student70', N'12345', 1, NOW());


-- data account giang vien
INSERT INTO ACCOUNT VALUES(N'75', N'teacher1', N'12345', 2, NOW());
INSERT INTO ACCOUNT VALUES(N'76', N'teacher2', N'12345', 2, NOW());
INSERT INTO ACCOUNT VALUES(N'77', N'teacher3', N'12345', 2, NOW());
INSERT INTO ACCOUNT VALUES(N'78', N'teacher4', N'12345', 2, NOW());
INSERT INTO ACCOUNT VALUES(N'79', N'teacher5', N'12345', 2, NOW());
INSERT INTO ACCOUNT VALUES(N'80', N'teacher6', N'12345', 2, NOW());
INSERT INTO ACCOUNT VALUES(N'81', N'teacher7', N'12345', 2, NOW());
INSERT INTO ACCOUNT VALUES(N'82', N'teacher8', N'12345', 2, NOW());

-- data teacher
INSERT INTO TEACHER VALUES(N'01', N'Đoàn Phước Nhật', N'1@tc.utc2.edu.vn', N'9986428368', 'HCM', '75');
INSERT INTO TEACHER VALUES(N'02', N'Đoàn Phước Hùng', N'2@tc.utc2.edu.vn', N'8130668053', 'HCM', '76');
INSERT INTO TEACHER VALUES(N'03', N'Cao Lâm Bảo Khanh', N'3@tc.utc2.edu.vn', N'4261078442', 'HCM', '77');
INSERT INTO TEACHER VALUES(N'04', N'Trịnh Lê Ngân Nhi', N'4@tc.utc2.edu.vn', N'5830141437', 'HCM', '78');
INSERT INTO TEACHER VALUES(N'05', N'Lê Thị Diễm Trinh', N'5@tc.utc2.edu.vn', N'5643321498', 'HCM', '79');
INSERT INTO TEACHER VALUES(N'06', N'Lê Vũ Long', N'6@tc.utc2.edu.vn', N'3221078487', 'HCM', '80');
INSERT INTO TEACHER VALUES(N'07', N'Nguyễn Thị Vân Khánh', N'7@tc.utc2.edu.vn', N'9575734920', 'HCM', '81');
INSERT INTO TEACHER VALUES(N'08', N'Nguyễn Thị Quỳnh Quyên', N'8@tc.utc2.edu.vn', N'7997659136', 'HCM', '82');

-- data faculty
INSERT INTO FACULTY VALUES(N'7340101', N'Quản trị kinh doanh');
INSERT INTO FACULTY VALUES(N'7340201', N'Tài chính - Ngân hàng');
INSERT INTO FACULTY VALUES(N'7480201', N'Công nghệ thông tin');
INSERT INTO FACULTY VALUES(N'7340301', N'Kế toán');
INSERT INTO FACULTY VALUES(N'7520114', N'Kỹ thuật cơ điện tử');
INSERT INTO FACULTY VALUES(N'7520116', N'Kỹ thuật cơ khí động lực');
INSERT INTO FACULTY VALUES(N'7520130', N'Kỹ thuật ô tô');
INSERT INTO FACULTY VALUES(N'7520201', N'Kỹ thuật điện');
INSERT INTO FACULTY VALUES(N'7520207', N'Kỹ thuật điện tử - viễn thông');
INSERT INTO FACULTY VALUES(N'7580101', N'Kiến trúc');

-- data room
INSERT INTO ROOM VALUES(N'101', N'101C2', N'C2');
INSERT INTO ROOM VALUES(N'102', N'102C2', N'C2');
INSERT INTO ROOM VALUES(N'103', N'103C2', N'C2');
INSERT INTO ROOM VALUES(N'104', N'104C2', N'C2');
INSERT INTO ROOM VALUES(N'105', N'105C2', N'C2');
INSERT INTO ROOM VALUES(N'201', N'201C2', N'C2');
INSERT INTO ROOM VALUES(N'202', N'202C2', N'C2');
INSERT INTO ROOM VALUES(N'203', N'203C2', N'C2');
INSERT INTO ROOM VALUES(N'204', N'204C2', N'C2');
INSERT INTO ROOM VALUES(N'205', N'205C2', N'C2');
INSERT INTO ROOM VALUES(N'301', N'301C2', N'C2');
INSERT INTO ROOM VALUES(N'302', N'302C2', N'C2');
INSERT INTO ROOM VALUES(N'303', N'303C2', N'C2');
INSERT INTO ROOM VALUES(N'304', N'304C2', N'C2');
INSERT INTO ROOM VALUES(N'305', N'305C2', N'C2');

-- thong tin student
INSERT INTO STUDENT VALUES(N'1', N'Hoàng Gia Kiệt', 0, NOW(), N'1@st.utc2.edu.vn', N'2921957407', 'HCM', '05', '7520114');
INSERT INTO STUDENT VALUES(N'2', N'Lê Công Thuận', 0, NOW(), N'2@st.utc2.edu.vn', N'9244062871', 'HCM', '06', '7480201');
INSERT INTO STUDENT VALUES(N'3', N'Võ Anh Hào', 1, NOW(), N'3@st.utc2.edu.vn', N'2505973446', 'HCM', '07', '7340301');
INSERT INTO STUDENT VALUES(N'4', N'Nguyễn Văn Long', 0, NOW(), N'4@st.utc2.edu.vn', N'8236032092', 'HCM', '08', '7520207');
INSERT INTO STUDENT VALUES(N'5', N'Nguyễn Vi Hòa Bình', 1, NOW(), N'5@st.utc2.edu.vn', N'4132713106', 'HCM', '09', '7480201');
INSERT INTO STUDENT VALUES(N'6', N'Nguyễn Hồng Cường', 0, NOW(), N'6@st.utc2.edu.vn', N'2113719887', 'HCM', '10', '7520130');
INSERT INTO STUDENT VALUES(N'7', N'Nguyễn Bình Minh', 1, NOW(), N'7@st.utc2.edu.vn', N'5399801287', 'HCM', '11', '7480201');
INSERT INTO STUDENT VALUES(N'8', N'Phạm Thanh Sơn', 0, NOW(), N'8@st.utc2.edu.vn', N'2257342860', 'HCM', '12', '7520116');
INSERT INTO STUDENT VALUES(N'9', N'Huỳnh Nguyễn Anh Duy', 0, NOW(), N'9@st.utc2.edu.vn', N'4496348419', 'HCM', '13', '7480201');
INSERT INTO STUDENT VALUES(N'10', N'Phạm Phú Tân', 0, NOW(), N'10@st.utc2.edu.vn', N'9776040848', 'HCM', '14', '7520130');
INSERT INTO STUDENT VALUES(N'11', N'Phạm Thị Diễm Quỳnh', 1, NOW(), N'11@st.utc2.edu.vn', N'6395659926', 'HCM', '15', '7520114');
INSERT INTO STUDENT VALUES(N'12', N'Cao Hoàng Gia Khang', 0, NOW(), N'12@st.utc2.edu.vn', N'4036243475', 'HCM', '16', '7520114');
INSERT INTO STUDENT VALUES(N'13', N'Nguyễn Trọng Quý', 1, NOW(), N'13@st.utc2.edu.vn', N'9375699162', 'HCM', '17', '7520130');
INSERT INTO STUDENT VALUES(N'14', N'Lê Trung Quyền', 0, NOW(), N'14@st.utc2.edu.vn', N'7668981405', 'HCM', '18', '7340301');
INSERT INTO STUDENT VALUES(N'15', N'Đỗ Khắc Trung', 0, NOW(), N'15@st.utc2.edu.vn', N'7043239712', 'HCM', '19', '7520114');
INSERT INTO STUDENT VALUES(N'16', N'Trần Ngọc Tài', 0, NOW(), N'16@st.utc2.edu.vn', N'1161113952', 'HCM', '20', '7340301');
INSERT INTO STUDENT VALUES(N'17', N'Huỳnh Phạm Quỳnh Như', 1, NOW(), N'17@st.utc2.edu.vn', N'6840334651', 'HCM', '21', '7520201');
INSERT INTO STUDENT VALUES(N'18', N'Bùi Tấn Phát', 0, NOW(), N'18@st.utc2.edu.vn', N'7959467688', 'HCM', '22', '7340201');
INSERT INTO STUDENT VALUES(N'19', N'Trần Đoàn Chí Thành', 0, NOW(), N'19@st.utc2.edu.vn', N'9508721956', 'HCM', '23', '7580101');
INSERT INTO STUDENT VALUES(N'20', N'Võ Chế Bằng', 1, NOW(), N'20@st.utc2.edu.vn', N'1143787023', 'HCM', '24', '7340301');
INSERT INTO STUDENT VALUES(N'21', N'Vũ Nguyễn Hoàng Bảo', 0, NOW(), N'21@st.utc2.edu.vn', N'1553803226', 'HCM', '25', '7580101');
INSERT INTO STUDENT VALUES(N'22', N'Ngô Gia Huy', 1, NOW(), N'22@st.utc2.edu.vn', N'4164100094', 'HCM', '26', '7520207');
INSERT INTO STUDENT VALUES(N'23', N'Phan Ngọc Như Tranh', 1, NOW(), N'23@st.utc2.edu.vn', N'2818684046', 'HCM', '27', '7520130');
INSERT INTO STUDENT VALUES(N'24', N'Nguyễn Trần Anh Tân', 0, NOW(), N'24@st.utc2.edu.vn', N'8316598880', 'HCM', '28', '7340301');
INSERT INTO STUDENT VALUES(N'25', N'Lê Hồng Phúc', 1, NOW(), N'25@st.utc2.edu.vn', N'1719724127', 'HCM', '29', '7480201');
INSERT INTO STUDENT VALUES(N'26', N'Nguyễn Nhật Hào', 1, NOW(), N'26@st.utc2.edu.vn', N'9534761485', 'HCM', '30', '7520201');
INSERT INTO STUDENT VALUES(N'27', N'Phan Vỹ Kiệt', 1, NOW(), N'27@st.utc2.edu.vn', N'9823353472', 'HCM', '31', '7580101');
INSERT INTO STUDENT VALUES(N'28', N'Đinh Nguyễn Minh Hoàng', 0, NOW(), N'28@st.utc2.edu.vn', N'7253482381', 'HCM', '32', '7520201');
INSERT INTO STUDENT VALUES(N'29', N'Trần Văn Nguyễn Tú', 1, NOW(), N'29@st.utc2.edu.vn', N'6239934257', 'HCM', '33', '7340201');
INSERT INTO STUDENT VALUES(N'30', N'Nguyễn Đăng Trí Phúc', 1, NOW(), N'30@st.utc2.edu.vn', N'3732592405', 'HCM', '34', '7520116');
INSERT INTO STUDENT VALUES(N'31', N'Vũ Tiến Việt', 1, NOW(), N'31@st.utc2.edu.vn', N'9677932824', 'HCM', '35', '7340301');
INSERT INTO STUDENT VALUES(N'32', N'Phan Gia Đạt', 0, NOW(), N'32@st.utc2.edu.vn', N'3042259114', 'HCM', '36', '7340301');
INSERT INTO STUDENT VALUES(N'33', N'Bùi Tuấn Linh', 1, NOW(), N'33@st.utc2.edu.vn', N'8718516945', 'HCM', '37', '7520130');
INSERT INTO STUDENT VALUES(N'34', N'Trần Phương Loan', 1, NOW(), N'34@st.utc2.edu.vn', N'9137559266', 'HCM', '38', '7340201');
INSERT INTO STUDENT VALUES(N'35', N'Trịnh Thành Nam', 1, NOW(), N'35@st.utc2.edu.vn', N'8575500610', 'HCM', '39', '7580101');
INSERT INTO STUDENT VALUES(N'36', N'Nguyễn Đức Huy', 0, NOW(), N'36@st.utc2.edu.vn', N'7798650434', 'HCM', '40', '7340301');
INSERT INTO STUDENT VALUES(N'37', N'Nguyễn Ngô Thành Tài', 1, NOW(), N'37@st.utc2.edu.vn', N'6391176139', 'HCM', '41', '7520201');
INSERT INTO STUDENT VALUES(N'38', N'Nguyễn Đình Trinh Đạt', 0, NOW(), N'38@st.utc2.edu.vn', N'4917233228', 'HCM', '42', '7520207');
INSERT INTO STUDENT VALUES(N'39', N'Nguyễn Thành Luân', 0, NOW(), N'39@st.utc2.edu.vn', N'9859892251', 'HCM', '43', '7580101');
INSERT INTO STUDENT VALUES(N'40', N'Bùi thanh tiến đạt', 1, NOW(), N'40@st.utc2.edu.vn', N'7175893379', 'HCM', '44', '7520201');
INSERT INTO STUDENT VALUES(N'41', N'Trần Quốc Thịnh', 0, NOW(), N'41@st.utc2.edu.vn', N'7721143960', 'HCM', '45', '7580101');
INSERT INTO STUDENT VALUES(N'42', N'Nguyễn Thị Kim Liên', 1, NOW(), N'42@st.utc2.edu.vn', N'1374895767', 'HCM', '46', '7520201');
INSERT INTO STUDENT VALUES(N'43', N'Bùi Minh Quý', 1, NOW(), N'43@st.utc2.edu.vn', N'3818205821', 'HCM', '47', '7580101');
INSERT INTO STUDENT VALUES(N'44', N'Đặng Văn Lợi', 0, NOW(), N'44@st.utc2.edu.vn', N'1285820230', 'HCM', '48', '7480201');
INSERT INTO STUDENT VALUES(N'45', N'Võ Thị Tường Vi', 0, NOW(), N'45@st.utc2.edu.vn', N'2275201775', 'HCM', '49', '7520130');
INSERT INTO STUDENT VALUES(N'46', N'Đinh Thị Kim Thỏa', 1, NOW(), N'46@st.utc2.edu.vn', N'5740361244', 'HCM', '50', '7340201');
INSERT INTO STUDENT VALUES(N'47', N'Lê Thiên Hòa', 1, NOW(), N'47@st.utc2.edu.vn', N'6117244383', 'HCM', '51', '7520130');
INSERT INTO STUDENT VALUES(N'48', N'Nguyễn Tiến Đạt', 1, NOW(), N'48@st.utc2.edu.vn', N'5152393752', 'HCM', '52', '7340301');
INSERT INTO STUDENT VALUES(N'49', N'Đặng Ngọc Minh', 0, NOW(), N'49@st.utc2.edu.vn', N'1901026318', 'HCM', '53', '7520116');
INSERT INTO STUDENT VALUES(N'50', N'Nguyễn Văn Địa Lợi', 1, NOW(), N'50@st.utc2.edu.vn', N'6162869307', 'HCM', '54', '7520130');
INSERT INTO STUDENT VALUES(N'51', N'Nguyễn Thành Luân', 1, NOW(), N'51@st.utc2.edu.vn', N'4223541057', 'HCM', '55', '7520201');
INSERT INTO STUDENT VALUES(N'52', N'Trần Văn Hậu', 1, NOW(), N'52@st.utc2.edu.vn', N'6772841909', 'HCM', '56', '7520130');
INSERT INTO STUDENT VALUES(N'53', N'Võ Minh Kha', 1, NOW(), N'53@st.utc2.edu.vn', N'1411665719', 'HCM', '57', '7520130');
INSERT INTO STUDENT VALUES(N'54', N'Trần Gia Hy', 0, NOW(), N'54@st.utc2.edu.vn', N'9544297293', 'HCM', '58', '7340101');
INSERT INTO STUDENT VALUES(N'55', N'Trịnh Nguyễn Nhựt Qui', 1, NOW(), N'55@st.utc2.edu.vn', N'6120038118', 'HCM', '59', '7480201');
INSERT INTO STUDENT VALUES(N'56', N'Tạ Huỳnh Đức', 0, NOW(), N'56@st.utc2.edu.vn', N'4850555809', 'HCM', '60', '7340101');
INSERT INTO STUDENT VALUES(N'57', N'Phạm Đình Minh Trí', 1, NOW(), N'57@st.utc2.edu.vn', N'3478839575', 'HCM', '61', '7520116');
INSERT INTO STUDENT VALUES(N'58', N'Phạm Nhật Tân', 1, NOW(), N'58@st.utc2.edu.vn', N'1632949004', 'HCM', '62', '7340301');
INSERT INTO STUDENT VALUES(N'59', N'Ngô Văn Thơ', 1, NOW(), N'59@st.utc2.edu.vn', N'3819959654', 'HCM', '63', '7340301');
INSERT INTO STUDENT VALUES(N'60', N'Trần Quốc Chung', 0, NOW(), N'60@st.utc2.edu.vn', N'6706292323', 'HCM', '64', '7520116');
INSERT INTO STUDENT VALUES(N'61', N'Nguyễn Thị Thanh Như', 0, NOW(), N'61@st.utc2.edu.vn', N'1989305871', 'HCM', '65', '7480201');
INSERT INTO STUDENT VALUES(N'62', N'Nguyễn Hương Duyên', 1, NOW(), N'62@st.utc2.edu.vn', N'6822844150', 'HCM', '66', '7520114');
INSERT INTO STUDENT VALUES(N'63', N'Phạm Quốc Khánh', 1, NOW(), N'63@st.utc2.edu.vn', N'3593960634', 'HCM', '67', '7340201');
INSERT INTO STUDENT VALUES(N'64', N'Lại Hữu Lợi', 1, NOW(), N'64@st.utc2.edu.vn', N'6268591381', 'HCM', '68', '7520201');
INSERT INTO STUDENT VALUES(N'65', N'Trịnh Nguyễn Vy Na', 0, NOW(), N'65@st.utc2.edu.vn', N'1584628308', 'HCM', '69', '7580101');
INSERT INTO STUDENT VALUES(N'66', N'Lê Minh Phát', 1, NOW(), N'66@st.utc2.edu.vn', N'9409389962', 'HCM', '70', '7480201');
INSERT INTO STUDENT VALUES(N'67', N'Phạm Tú Thành', 1, NOW(), N'67@st.utc2.edu.vn', N'2146779281', 'HCM', '71', '7480201');
INSERT INTO STUDENT VALUES(N'68', N'Nguyễn Đức Thắng', 0, NOW(), N'68@st.utc2.edu.vn', N'6160377916', 'HCM', '72', '7520114');
INSERT INTO STUDENT VALUES(N'69', N'Nguyễn Việt Anh', 1, NOW(), N'69@st.utc2.edu.vn', N'1010601896', 'HCM', '73', '7520201');
INSERT INTO STUDENT VALUES(N'70', N'Mai Quốc Thịnh', 1, NOW(), N'70@st.utc2.edu.vn', N'2832133725', 'HCM', '74', '7520116');

-- admin
INSERT INTO ADMIN VALUES(N'01', N'Phan Công Duy', N'6251071017@st.utc2.edu.vn', N'0358355556', '451 Lê Văn Việt', '01');
INSERT INTO ADMIN VALUES(N'02', N'Bùi Minh Quý', N'6251071075@st.utc2.edu.vn', N'0332813815', '455 Lê Văn Việt', '02');
INSERT INTO ADMIN VALUES(N'03', N'Đỗ Viết Tuế', N'6251071113@st.utc2.edu.vn', N'0385997080', '451 Lê Văn Việt', '03');
INSERT INTO ADMIN VALUES(N'04', N'Đỗ Khắc Trung', N'6251071108@st.utc2.edu.vn', N'0961261797', '528 Tô Ngọc Vân', '04');

-- data course

-- course 2,3 class
INSERT INTO COURSE VALUES(N'PS0.001.3', N'Triết học Mác-Lê nin', N'Bắt buộc', 2);  -- da co diem
INSERT INTO COURSE VALUES(N'PS0.005.2', N'Tư tưởng Hồ Chí Minh', N'Bắt buộc', 1);  -- 35
INSERT INTO COURSE VALUES(N'PS0.004.2', N'Lịch sử Đảng Cộng sản Việt Nam', N'Bắt buộc', 2); -- 35
INSERT INTO COURSE VALUES(N'BS0.101.3', N'Đại số tuyến tính', N'Bắt buộc', 2); -- da co diem
INSERT INTO COURSE VALUES(N'BS0.103.3', N'Xác suất thống kê', N'Bắt buộc', 2);  -- 35
INSERT INTO COURSE VALUES(N'BS0.001.2', N'Giải tích 1', N'Bắt buộc', 1); -- da co diem
INSERT INTO COURSE VALUES(N'BS0.002.2', N'Giải tích 2', N'Bắt buộc', 2); -- da co diem
-- course 1 class
INSERT INTO COURSE VALUES(N'IT1.001.3', N'Nhập môn ngành CNTT ', N'Bắt buộc', 2);
INSERT INTO COURSE VALUES(N'IT0.004.2', N'Tin học đại cương', N'Bắt buộc', 1);
INSERT INTO COURSE VALUES(N'IT1.002.2', N'Bảo trì hệ thống', N'Bắt buộc', 1);
INSERT INTO COURSE VALUES(N'IT1.103.3', N'Kỹ thuật lập trình', N'Bắt buộc', 2);
INSERT INTO COURSE VALUES(N'IT1.105.3', N'Toán rời rạc', N'Bắt buộc', 3);
INSERT INTO COURSE VALUES(N'IT1.106.3', N'Thiết kế Web', N'Bắt buộc', 2);
INSERT INTO COURSE VALUES(N'IT1.107.3', N'Kiến trúc và tổ chức máy tính', N'Bắt buộc', 3);
INSERT INTO COURSE VALUES(N'IT1.108.3', N'Lập trình hướng đối tượng', N'Bắt buộc', 2); 
INSERT INTO COURSE VALUES(N'IT1.109.3', N'Cấu trúc dữ liệu và giải thuật', N'Bắt buộc', 2);
INSERT INTO COURSE VALUES(N'IT1.110.3', N'Cơ sở dữ liệu', N'Bắt buộc', 1);
INSERT INTO COURSE VALUES(N'IT1.111.3', N'Phân tích thiết kế thuật toán', N'Bắt buộc', 1);
INSERT INTO COURSE VALUES(N'IT1.112.3', N'Nguyên lý hệ điều hành', N'Bắt buộc', 2);
INSERT INTO COURSE VALUES(N'IT1.113.3', N'Công nghệ Java', N'Bắt buộc', 2);
INSERT INTO COURSE VALUES(N'IT1.114.3', N'Lập trình trực quan ', N'Bắt buộc', 2);
INSERT INTO COURSE VALUES(N'IT1.115.3', N'Mạng máy tính', N'Bắt buộc', 3);
INSERT INTO COURSE VALUES(N'IT1.217.3', N'Lập trình Web', N'Bắt buộc', 2);
INSERT INTO COURSE VALUES(N'IT1.223.2', N'Hệ quản trị CSDL SQLServe', N'Bắt buộc', 1);
INSERT INTO COURSE VALUES(N'IT1.224.2', N'Hệ quản trị CSDL Oracle', N'Bắt buộc', 2);
INSERT INTO COURSE VALUES(N'IT1.219.3', N'Lập trình thiết bị di động', N'Bắt buộc', 3);
INSERT INTO COURSE VALUES(N'IT1.220.3', N'Trí tuệ nhân tạo', N'Bắt buộc', 3);
INSERT INTO COURSE VALUES(N'IT1.222.3', N'An toàn và bảo mật thông tin', N'Bắt buộc', 3);
INSERT INTO COURSE VALUES(N'BS0.601.4', N'Tiếng Anh B1', N'Bắt buộc', 1);
INSERT INTO COURSE VALUES(N'BS0.701.4', N'Tiếng Pháp B1', N'Bắt buộc', 3);
INSERT INTO COURSE VALUES(N'PE0.001.1', N'Giáo dục thể chất F1', N'Bắt buộc', 2); -- da hoc xong F1  ==> da co diem
INSERT INTO COURSE VALUES(N'PE0.002.1', N'Giáo dục thể chất F2', N'Bắt buộc', 2); -- 55 hoc F2
INSERT INTO COURSE VALUES(N'PE0.003.1', N'Giáo dục thể chất F3', N'Bắt buộc', 3); -- 15 hoc F3
INSERT INTO COURSE VALUES(N'PE0.004.1', N'Giáo dục thể chất F4', N'Bắt buộc', 1);

-- data course class
INSERT INTO COURSE_CLASS VALUES(N'PS0.001.3', N'PS0.001.3.1', '202',NULL, 1 , 1, N'No');  -- triet --1 
INSERT INTO COURSE_CLASS VALUES(N'PS0.001.3', N'PS0.001.3.2', '203',NULL, 0 , 1, N'No');

INSERT INTO COURSE_CLASS VALUES(N'PE0.001.1', N'PE0.001.1', '301',NULL, 0 , 1, N'No'); -- the chat  --1
INSERT INTO COURSE_CLASS VALUES(N'PE0.002.1', N'PE0.002.1', '204',NULL, 0 , 2, N'No'); 
INSERT INTO COURSE_CLASS VALUES(N'PE0.003.1', N'PE0.003.1', '302',NULL, 0 , 3, N'No');
INSERT INTO COURSE_CLASS VALUES(N'PE0.004.1', N'PE0.004.1', '102',NULL, 0 , 4, N'No');

INSERT INTO COURSE_CLASS VALUES(N'BS0.001.2', N'BS0.001.2.1', '103',NULL, 0 , 1, N'No'); -- giai tich --1
INSERT INTO COURSE_CLASS VALUES(N'BS0.001.2', N'BS0.001.2.2', '104',NULL, 0 , 1, N'No');
INSERT INTO COURSE_CLASS VALUES(N'BS0.002.2', N'BS0.002.2.1', '302',NULL, 1 , 2, N'No');
INSERT INTO COURSE_CLASS VALUES(N'BS0.002.2', N'BS0.002.2.2', '303',NULL, 1 , 2, N'No');

INSERT INTO COURSE_CLASS VALUES(N'BS0.101.3', N'BS0.101.3', '102',NULL, 1 , 1, N'No');  -- dstt --1
INSERT INTO COURSE_CLASS VALUES(N'BS0.103.3', N'BS0.103.3', '304',NULL, 0 , 2, N'No');  -- xstk --1

INSERT INTO COURSE_CLASS VALUES(N'PS0.005.2', N'PS0.005.2.1', '202',NULL, 0 , 3, N'No'); -- tu tuong -- 1
INSERT INTO COURSE_CLASS VALUES(N'PS0.005.2', N'PS0.005.2.2', '203',NULL, 0 , 3, N'No');
INSERT INTO COURSE_CLASS VALUES(N'PS0.004.2', N'PS0.004.2.1', '204',NULL, 0 , 4, N'No'); -- lsd -- 1
INSERT INTO COURSE_CLASS VALUES(N'PS0.004.2', N'PS0.004.2.2', '205',NULL, 0 , 4, N'No');

INSERT INTO COURSE_CLASS VALUES(N'BS0.601.4', N'BS0.601.4', '301',NULL, 0 , 4, N'No'); -- ngoai ngu -- 1
INSERT INTO COURSE_CLASS VALUES(N'BS0.701.4', N'BS0.701.4', '301',NULL, 1 , 5, N'No'); -- 1

INSERT INTO COURSE_CLASS VALUES(N'IT1.103.3', N'IT1.103.3', '204',NULL, 1 , 2, N'No'); -- cntt -- 1
INSERT INTO COURSE_CLASS VALUES(N'IT1.001.3', N'IT1.001.3', '201',NULL, 1 , 1, N'No'); 
INSERT INTO COURSE_CLASS VALUES(N'IT0.004.2', N'IT0.004.2', '302',NULL, 1 , 2, N'No');
INSERT INTO COURSE_CLASS VALUES(N'IT1.002.2', N'IT1.002.2', '302',NULL, 1 , 2, N'No'); 
INSERT INTO COURSE_CLASS VALUES(N'IT1.105.3', N'IT1.105.3', '204',NULL, 1 , 3, N'No');
INSERT INTO COURSE_CLASS VALUES(N'IT1.106.3', N'IT1.106.3', '201',NULL, 1 , 3, N'No');
INSERT INTO COURSE_CLASS VALUES(N'IT1.107.3', N'IT1.107.3', '301',NULL, 0 , 3, N'No');
INSERT INTO COURSE_CLASS VALUES(N'IT1.108.3', N'IT1.108.3', '304',NULL, 0 , 4, N'No');
INSERT INTO COURSE_CLASS VALUES(N'IT1.109.3', N'IT1.109.3', '304',NULL, 0 , 4, N'No');
INSERT INTO COURSE_CLASS VALUES(N'IT1.110.3', N'IT1.110.3', '201',NULL, 0 , 5, N'No');
INSERT INTO COURSE_CLASS VALUES(N'IT1.111.3', N'IT1.111.3', '305',NULL, 0 , 5, N'No');
INSERT INTO COURSE_CLASS VALUES(N'IT1.112.3', N'IT1.112.3', '104',NULL, 0 , 5, N'No');
INSERT INTO COURSE_CLASS VALUES(N'IT1.113.3', N'IT1.113.3', '302',NULL, 1 , 5, N'No');
INSERT INTO COURSE_CLASS VALUES(N'IT1.114.3', N'IT1.114.3', '304',NULL, 0 , 5, N'No');
INSERT INTO COURSE_CLASS VALUES(N'IT1.115.3', N'IT1.115.3', '101',NULL, 1 , 6, N'No');
INSERT INTO COURSE_CLASS VALUES(N'IT1.217.3', N'IT1.217.3', '201',NULL, 0 , 6, N'No');
INSERT INTO COURSE_CLASS VALUES(N'IT1.223.2', N'IT1.223.2', '105',NULL, 1 , 6, N'No');
INSERT INTO COURSE_CLASS VALUES(N'IT1.224.2', N'IT1.224.2', '302',NULL, 0 , 6, N'No');
INSERT INTO COURSE_CLASS VALUES(N'IT1.219.3', N'IT1.219.3', '302',NULL, 0 , 6, N'No');
INSERT INTO COURSE_CLASS VALUES(N'IT1.220.3', N'IT1.220.3', '303',NULL, 1 , 6, N'No');
INSERT INTO COURSE_CLASS VALUES(N'IT1.222.3', N'IT1.222.3', '301',NULL, 1 , 6, N'No');
-- end 
-- -- data transcript 



INSERT INTO TRANSCRIPT VALUES( N'BS0.601.4' , N'2' ,4);
INSERT INTO TRANSCRIPT VALUES( N'BS0.601.4' , N'1' ,4);
INSERT INTO TRANSCRIPT VALUES( N'BS0.601.4' , N'3' ,4);
INSERT INTO TRANSCRIPT VALUES( N'BS0.601.4' , N'4' ,4);
INSERT INTO TRANSCRIPT VALUES( N'BS0.601.4' , N'5' ,4);
INSERT INTO TRANSCRIPT VALUES( N'BS0.601.4' , N'6' ,4);
INSERT INTO TRANSCRIPT VALUES( N'BS0.601.4' , N'7' ,4);
INSERT INTO TRANSCRIPT VALUES( N'BS0.601.4' , N'8' ,4);
INSERT INTO TRANSCRIPT VALUES( N'BS0.601.4' , N'9' ,4);
INSERT INTO TRANSCRIPT VALUES( N'BS0.601.4' , N'10' ,4);
INSERT INTO TRANSCRIPT VALUES( N'BS0.601.4' , N'11' ,4);
INSERT INTO TRANSCRIPT VALUES( N'BS0.601.4' , N'12' ,4);
INSERT INTO TRANSCRIPT VALUES( N'BS0.601.4' , N'13' ,4);
INSERT INTO TRANSCRIPT VALUES( N'BS0.601.4' , N'14' ,4);
INSERT INTO TRANSCRIPT VALUES( N'BS0.601.4' , N'15' ,4);
INSERT INTO TRANSCRIPT VALUES( N'BS0.601.4' , N'16' ,4);
INSERT INTO TRANSCRIPT VALUES( N'BS0.601.4' , N'17' ,4);
INSERT INTO TRANSCRIPT VALUES( N'BS0.601.4' , N'18' ,4);
INSERT INTO TRANSCRIPT VALUES( N'BS0.601.4' , N'19' ,4);
INSERT INTO TRANSCRIPT VALUES( N'BS0.601.4' , N'20' ,4);
INSERT INTO TRANSCRIPT VALUES( N'BS0.601.4' , N'21' ,4);
INSERT INTO TRANSCRIPT VALUES( N'BS0.601.4' , N'22' ,4);
INSERT INTO TRANSCRIPT VALUES( N'BS0.601.4' , N'23' ,4);
INSERT INTO TRANSCRIPT VALUES( N'BS0.601.4' , N'24' ,4);
INSERT INTO TRANSCRIPT VALUES( N'BS0.601.4' , N'25' ,4);
INSERT INTO TRANSCRIPT VALUES( N'BS0.601.4' , N'26' ,4);
INSERT INTO TRANSCRIPT VALUES( N'BS0.601.4' , N'27' ,4);
INSERT INTO TRANSCRIPT VALUES( N'BS0.601.4' , N'28' ,4);
INSERT INTO TRANSCRIPT VALUES( N'BS0.601.4' , N'29' ,4);
INSERT INTO TRANSCRIPT VALUES( N'BS0.601.4' , N'30' ,4);
INSERT INTO TRANSCRIPT VALUES( N'BS0.601.4' , N'31' ,4);
INSERT INTO TRANSCRIPT VALUES( N'BS0.601.4' , N'32' ,4);
INSERT INTO TRANSCRIPT VALUES( N'BS0.601.4' , N'33' ,4);
INSERT INTO TRANSCRIPT VALUES( N'BS0.601.4' , N'34' ,4);
INSERT INTO TRANSCRIPT VALUES( N'BS0.601.4' , N'35' ,4);
INSERT INTO TRANSCRIPT VALUES( N'BS0.601.4' , N'36' ,4);
INSERT INTO TRANSCRIPT VALUES( N'BS0.601.4' , N'37' ,4);
INSERT INTO TRANSCRIPT VALUES( N'BS0.601.4' , N'38' ,4);
INSERT INTO TRANSCRIPT VALUES( N'BS0.601.4' , N'39' ,4);
INSERT INTO TRANSCRIPT VALUES( N'BS0.601.4' , N'40' ,4);
INSERT INTO TRANSCRIPT VALUES( N'BS0.601.4' , N'41' ,4);
INSERT INTO TRANSCRIPT VALUES( N'BS0.601.4' , N'42' ,4);
INSERT INTO TRANSCRIPT VALUES( N'BS0.601.4' , N'43' ,4);
INSERT INTO TRANSCRIPT VALUES( N'BS0.601.4' , N'44' ,4);
INSERT INTO TRANSCRIPT VALUES( N'BS0.601.4' , N'45' ,4);
INSERT INTO TRANSCRIPT VALUES( N'BS0.601.4' , N'46' ,4);
INSERT INTO TRANSCRIPT VALUES( N'BS0.601.4' , N'47' ,4);
INSERT INTO TRANSCRIPT VALUES( N'BS0.601.4' , N'48' ,4);
INSERT INTO TRANSCRIPT VALUES( N'BS0.601.4' , N'49' ,4);
INSERT INTO TRANSCRIPT VALUES( N'BS0.601.4' , N'50' ,4);
INSERT INTO TRANSCRIPT VALUES( N'BS0.701.4' , N'23' ,3);
INSERT INTO TRANSCRIPT VALUES( N'BS0.701.4' , N'24' ,3);
INSERT INTO TRANSCRIPT VALUES( N'BS0.701.4' , N'25' ,3);
INSERT INTO TRANSCRIPT VALUES( N'BS0.701.4' , N'26' ,3);
INSERT INTO TRANSCRIPT VALUES( N'BS0.701.4' , N'27' ,3);
INSERT INTO TRANSCRIPT VALUES( N'BS0.701.4' , N'28' ,3);
INSERT INTO TRANSCRIPT VALUES( N'BS0.701.4' , N'29' ,3);
INSERT INTO TRANSCRIPT VALUES( N'BS0.701.4' , N'30' ,3);
INSERT INTO TRANSCRIPT VALUES( N'BS0.701.4' , N'31' ,3);
INSERT INTO TRANSCRIPT VALUES( N'BS0.701.4' , N'32' ,3);
INSERT INTO TRANSCRIPT VALUES( N'BS0.701.4' , N'33' ,3);
INSERT INTO TRANSCRIPT VALUES( N'BS0.701.4' , N'34' ,3);
INSERT INTO TRANSCRIPT VALUES( N'BS0.701.4' , N'35' ,3);
INSERT INTO TRANSCRIPT VALUES( N'BS0.701.4' , N'36' ,3);
INSERT INTO TRANSCRIPT VALUES( N'BS0.701.4' , N'37' ,3);
INSERT INTO TRANSCRIPT VALUES( N'BS0.701.4' , N'38' ,3);
INSERT INTO TRANSCRIPT VALUES( N'BS0.701.4' , N'39' ,3);
INSERT INTO TRANSCRIPT VALUES( N'BS0.701.4' , N'40' ,3);
INSERT INTO TRANSCRIPT VALUES( N'BS0.701.4' , N'41' ,3);
INSERT INTO TRANSCRIPT VALUES( N'BS0.701.4' , N'42' ,3);
INSERT INTO TRANSCRIPT VALUES( N'BS0.701.4' , N'43' ,3);
INSERT INTO TRANSCRIPT VALUES( N'BS0.701.4' , N'44' ,3);
INSERT INTO TRANSCRIPT VALUES( N'BS0.701.4' , N'45' ,3);
INSERT INTO TRANSCRIPT VALUES( N'BS0.701.4' , N'46' ,3);
INSERT INTO TRANSCRIPT VALUES( N'BS0.701.4' , N'47' ,3);
INSERT INTO TRANSCRIPT VALUES( N'BS0.701.4' , N'48' ,3);
INSERT INTO TRANSCRIPT VALUES( N'BS0.701.4' , N'49' ,3);
INSERT INTO TRANSCRIPT VALUES( N'BS0.701.4' , N'50' ,3);
INSERT INTO TRANSCRIPT VALUES( N'BS0.701.4' , N'51' ,3);
INSERT INTO TRANSCRIPT VALUES( N'BS0.701.4' , N'52' ,3);
INSERT INTO TRANSCRIPT VALUES( N'BS0.701.4' , N'53' ,3);
INSERT INTO TRANSCRIPT VALUES( N'BS0.701.4' , N'54' ,3);
INSERT INTO TRANSCRIPT VALUES( N'BS0.701.4' , N'55' ,3);
INSERT INTO TRANSCRIPT VALUES( N'BS0.701.4' , N'56' ,3);
INSERT INTO TRANSCRIPT VALUES( N'BS0.701.4' , N'57' ,3);
INSERT INTO TRANSCRIPT VALUES( N'IT1.103.3' , N'1' ,4);
INSERT INTO TRANSCRIPT VALUES( N'IT1.103.3' , N'2' ,4);
INSERT INTO TRANSCRIPT VALUES( N'IT1.103.3' , N'3' ,4);
INSERT INTO TRANSCRIPT VALUES( N'IT1.103.3' , N'4' ,4);
INSERT INTO TRANSCRIPT VALUES( N'IT1.103.3' , N'5' ,4);
INSERT INTO TRANSCRIPT VALUES( N'IT1.103.3' , N'6' ,4);
INSERT INTO TRANSCRIPT VALUES( N'IT1.103.3' , N'7' ,4);
INSERT INTO TRANSCRIPT VALUES( N'IT1.103.3' , N'8' ,4);
INSERT INTO TRANSCRIPT VALUES( N'IT1.103.3' , N'9' ,4);
INSERT INTO TRANSCRIPT VALUES( N'IT1.103.3' , N'10' ,4);
INSERT INTO TRANSCRIPT VALUES( N'IT1.103.3' , N'11' ,4);
INSERT INTO TRANSCRIPT VALUES( N'IT1.103.3' , N'12' ,4);
INSERT INTO TRANSCRIPT VALUES( N'IT1.103.3' , N'13' ,4);
INSERT INTO TRANSCRIPT VALUES( N'IT1.103.3' , N'14' ,4);
INSERT INTO TRANSCRIPT VALUES( N'IT1.103.3' , N'15' ,4);
INSERT INTO TRANSCRIPT VALUES( N'IT1.103.3' , N'16' ,4);
INSERT INTO TRANSCRIPT VALUES( N'IT1.103.3' , N'17' ,4);
INSERT INTO TRANSCRIPT VALUES( N'IT1.103.3' , N'18' ,4);
INSERT INTO TRANSCRIPT VALUES( N'IT1.103.3' , N'19' ,4);
INSERT INTO TRANSCRIPT VALUES( N'IT1.103.3' , N'20' ,4);
INSERT INTO TRANSCRIPT VALUES( N'IT1.103.3' , N'21' ,4);
INSERT INTO TRANSCRIPT VALUES( N'IT1.103.3' , N'22' ,4);
INSERT INTO TRANSCRIPT VALUES( N'IT1.103.3' , N'23' ,4);
INSERT INTO TRANSCRIPT VALUES( N'IT1.103.3' , N'24' ,4);
INSERT INTO TRANSCRIPT VALUES( N'IT1.103.3' , N'25' ,4);
INSERT INTO TRANSCRIPT VALUES( N'IT1.103.3' , N'26' ,4);
INSERT INTO TRANSCRIPT VALUES( N'IT1.103.3' , N'27' ,4);
INSERT INTO TRANSCRIPT VALUES( N'IT1.103.3' , N'28' ,4);
INSERT INTO TRANSCRIPT VALUES( N'IT1.103.3' , N'29' ,4);
INSERT INTO TRANSCRIPT VALUES( N'IT1.103.3' , N'30' ,4);
INSERT INTO TRANSCRIPT VALUES( N'IT1.103.3' , N'31' ,4);
INSERT INTO TRANSCRIPT VALUES( N'IT1.103.3' , N'32' ,4);
INSERT INTO TRANSCRIPT VALUES( N'IT1.103.3' , N'33' ,4);
INSERT INTO TRANSCRIPT VALUES( N'IT1.103.3' , N'34' ,4);
INSERT INTO TRANSCRIPT VALUES( N'IT1.103.3' , N'35' ,4);
INSERT INTO TRANSCRIPT VALUES( N'IT1.103.3' , N'36' ,4);
INSERT INTO TRANSCRIPT VALUES( N'IT1.103.3' , N'37' ,4);
INSERT INTO TRANSCRIPT VALUES( N'IT1.103.3' , N'38' ,4);
INSERT INTO TRANSCRIPT VALUES( N'IT1.103.3' , N'39' ,4);
INSERT INTO TRANSCRIPT VALUES( N'IT1.103.3' , N'40' ,4);
INSERT INTO TRANSCRIPT VALUES( N'IT1.103.3' , N'41' ,4);
INSERT INTO TRANSCRIPT VALUES( N'IT1.103.3' , N'42' ,4);
INSERT INTO TRANSCRIPT VALUES( N'IT1.103.3' , N'43' ,4);
INSERT INTO TRANSCRIPT VALUES( N'IT1.103.3' , N'44' ,4);
INSERT INTO TRANSCRIPT VALUES( N'IT1.103.3' , N'45' ,4);
INSERT INTO TRANSCRIPT VALUES( N'IT1.103.3' , N'46' ,4);
INSERT INTO TRANSCRIPT VALUES( N'IT1.103.3' , N'47' ,4);
INSERT INTO TRANSCRIPT VALUES( N'IT1.103.3' , N'48' ,4);
INSERT INTO TRANSCRIPT VALUES( N'IT1.103.3' , N'49' ,4);
INSERT INTO TRANSCRIPT VALUES( N'IT1.103.3' , N'50' ,4);
INSERT INTO TRANSCRIPT VALUES( N'IT1.103.3' , N'51' ,4);
INSERT INTO TRANSCRIPT VALUES( N'IT1.103.3' , N'52' ,4);
INSERT INTO TRANSCRIPT VALUES( N'IT1.103.3' , N'53' ,4);
INSERT INTO TRANSCRIPT VALUES( N'IT1.103.3' , N'54' ,4);
INSERT INTO TRANSCRIPT VALUES( N'IT1.103.3' , N'55' ,4);
INSERT INTO TRANSCRIPT VALUES( N'IT1.103.3' , N'56' ,4);
INSERT INTO TRANSCRIPT VALUES( N'IT1.103.3' , N'57' ,4);
INSERT INTO TRANSCRIPT VALUES( N'IT1.103.3' , N'58' ,4);
INSERT INTO TRANSCRIPT VALUES( N'IT1.103.3' , N'59' ,4);
INSERT INTO TRANSCRIPT VALUES( N'IT1.103.3' , N'60' ,4);
INSERT INTO TRANSCRIPT VALUES( N'IT1.103.3' , N'61' ,4);
INSERT INTO TRANSCRIPT VALUES( N'IT1.103.3' , N'62' ,4);
INSERT INTO TRANSCRIPT VALUES( N'IT1.103.3' , N'63' ,4);
INSERT INTO TRANSCRIPT VALUES( N'IT1.103.3' , N'64' ,4);
INSERT INTO TRANSCRIPT VALUES( N'IT1.103.3' , N'65' ,4);
INSERT INTO TRANSCRIPT VALUES( N'IT1.103.3' , N'66' ,4);
INSERT INTO TRANSCRIPT VALUES( N'IT1.103.3' , N'67' ,4);
INSERT INTO TRANSCRIPT VALUES( N'IT1.103.3' , N'68' ,4);
INSERT INTO TRANSCRIPT VALUES( N'IT1.103.3' , N'69' ,4);
INSERT INTO TRANSCRIPT VALUES( N'IT1.103.3' , N'70' ,4);
INSERT INTO TRANSCRIPT VALUES( N'IT1.001.3' , N'1' ,1 );
INSERT INTO TRANSCRIPT VALUES( N'IT1.001.3' , N'2' ,7 );
INSERT INTO TRANSCRIPT VALUES( N'IT1.001.3' , N'3' ,1 );
INSERT INTO TRANSCRIPT VALUES( N'IT1.001.3' , N'4' ,3 );
INSERT INTO TRANSCRIPT VALUES( N'IT1.001.3' , N'5' ,2 );
INSERT INTO TRANSCRIPT VALUES( N'IT1.001.3' , N'6' ,1 );
INSERT INTO TRANSCRIPT VALUES( N'IT1.001.3' , N'7' ,0 );
INSERT INTO TRANSCRIPT VALUES( N'IT1.001.3' , N'8' ,5 );
INSERT INTO TRANSCRIPT VALUES( N'IT1.001.3' , N'9' ,6 );
INSERT INTO TRANSCRIPT VALUES( N'IT1.001.3' , N'10' ,10 );
INSERT INTO TRANSCRIPT VALUES( N'IT1.001.3' , N'11' ,3 );
INSERT INTO TRANSCRIPT VALUES( N'IT1.001.3' , N'12' ,8 );
INSERT INTO TRANSCRIPT VALUES( N'IT1.001.3' , N'13' ,3 );
INSERT INTO TRANSCRIPT VALUES( N'IT1.001.3' , N'14' ,8 );
INSERT INTO TRANSCRIPT VALUES( N'IT1.001.3' , N'15' ,0 );
INSERT INTO TRANSCRIPT VALUES( N'IT1.001.3' , N'16' ,8 );
INSERT INTO TRANSCRIPT VALUES( N'IT1.001.3' , N'17' ,8 );
INSERT INTO TRANSCRIPT VALUES( N'IT1.001.3' , N'18' ,1 );
INSERT INTO TRANSCRIPT VALUES( N'IT1.001.3' , N'19' ,3 );
INSERT INTO TRANSCRIPT VALUES( N'IT1.001.3' , N'20' ,7 );
INSERT INTO TRANSCRIPT VALUES( N'IT1.001.3' , N'21' ,4 );
INSERT INTO TRANSCRIPT VALUES( N'IT1.001.3' , N'22' ,3 );
INSERT INTO TRANSCRIPT VALUES( N'IT1.001.3' , N'23' ,5 );
INSERT INTO TRANSCRIPT VALUES( N'IT1.001.3' , N'24' ,9 );
INSERT INTO TRANSCRIPT VALUES( N'IT1.001.3' , N'25' ,8 );
INSERT INTO TRANSCRIPT VALUES( N'IT1.001.3' , N'26' ,2 );
INSERT INTO TRANSCRIPT VALUES( N'IT1.001.3' , N'27' ,3 );
INSERT INTO TRANSCRIPT VALUES( N'IT1.001.3' , N'28' ,2 );
INSERT INTO TRANSCRIPT VALUES( N'IT1.001.3' , N'29' ,4 );
INSERT INTO TRANSCRIPT VALUES( N'IT1.001.3' , N'30' ,1 );
INSERT INTO TRANSCRIPT VALUES( N'IT1.001.3' , N'31' ,3 );
INSERT INTO TRANSCRIPT VALUES( N'IT1.001.3' , N'32' ,8 );
INSERT INTO TRANSCRIPT VALUES( N'IT1.001.3' , N'33' ,8 );
INSERT INTO TRANSCRIPT VALUES( N'IT1.001.3' , N'34' ,7 );
INSERT INTO TRANSCRIPT VALUES( N'IT1.001.3' , N'35' ,5 );
INSERT INTO TRANSCRIPT VALUES( N'IT1.001.3' , N'36' ,2 );
INSERT INTO TRANSCRIPT VALUES( N'IT1.001.3' , N'37' ,5 );
INSERT INTO TRANSCRIPT VALUES( N'IT1.001.3' , N'38' ,1 );
INSERT INTO TRANSCRIPT VALUES( N'IT1.001.3' , N'39' ,2 );
INSERT INTO TRANSCRIPT VALUES( N'IT1.001.3' , N'40' ,7 );
INSERT INTO TRANSCRIPT VALUES( N'IT1.001.3' , N'41' ,9 );
INSERT INTO TRANSCRIPT VALUES( N'IT1.001.3' , N'42' ,1 );
INSERT INTO TRANSCRIPT VALUES( N'IT1.001.3' , N'43' ,6 );
INSERT INTO TRANSCRIPT VALUES( N'IT1.001.3' , N'44' ,8 );
INSERT INTO TRANSCRIPT VALUES( N'IT1.001.3' , N'45' ,10 );
INSERT INTO TRANSCRIPT VALUES( N'IT1.001.3' , N'46' ,1 );
INSERT INTO TRANSCRIPT VALUES( N'IT1.001.3' , N'47' ,7 );
INSERT INTO TRANSCRIPT VALUES( N'IT1.001.3' , N'48' ,6 );
INSERT INTO TRANSCRIPT VALUES( N'IT1.001.3' , N'49' ,4 );
INSERT INTO TRANSCRIPT VALUES( N'IT1.001.3' , N'50' ,5 );
INSERT INTO TRANSCRIPT VALUES( N'IT1.001.3' , N'51' ,0 );
INSERT INTO TRANSCRIPT VALUES( N'IT1.001.3' , N'52' ,7 );
INSERT INTO TRANSCRIPT VALUES( N'IT1.001.3' , N'53' ,6 );
INSERT INTO TRANSCRIPT VALUES( N'IT1.001.3' , N'54' ,1 );
INSERT INTO TRANSCRIPT VALUES( N'IT1.001.3' , N'55' ,1 );
INSERT INTO TRANSCRIPT VALUES( N'IT1.001.3' , N'56' ,9 );
INSERT INTO TRANSCRIPT VALUES( N'IT1.001.3' , N'57' ,7 );
INSERT INTO TRANSCRIPT VALUES( N'IT1.001.3' , N'58' ,7 );
INSERT INTO TRANSCRIPT VALUES( N'IT1.001.3' , N'59' ,3 );
INSERT INTO TRANSCRIPT VALUES( N'IT1.001.3' , N'60' ,9 );
INSERT INTO TRANSCRIPT VALUES( N'IT1.001.3' , N'61' ,10 );
INSERT INTO TRANSCRIPT VALUES( N'IT1.001.3' , N'62' ,1 );
INSERT INTO TRANSCRIPT VALUES( N'IT1.001.3' , N'63' ,2 );
INSERT INTO TRANSCRIPT VALUES( N'IT1.001.3' , N'64' ,7 );
INSERT INTO TRANSCRIPT VALUES( N'IT1.001.3' , N'65' ,8 );
INSERT INTO TRANSCRIPT VALUES( N'IT1.001.3' , N'66' ,7 );
INSERT INTO TRANSCRIPT VALUES( N'IT1.001.3' , N'67' ,1 );
INSERT INTO TRANSCRIPT VALUES( N'IT1.001.3' , N'68' ,4 );
INSERT INTO TRANSCRIPT VALUES( N'IT1.001.3' , N'69' ,7 );
INSERT INTO TRANSCRIPT VALUES( N'IT1.001.3' , N'70' ,9 );
INSERT INTO TRANSCRIPT VALUES( N'IT0.004.2' , N'1' ,2 );
INSERT INTO TRANSCRIPT VALUES( N'IT0.004.2' , N'2' ,1 );
INSERT INTO TRANSCRIPT VALUES( N'IT0.004.2' , N'3' ,6 );
INSERT INTO TRANSCRIPT VALUES( N'IT0.004.2' , N'4' ,3 );
INSERT INTO TRANSCRIPT VALUES( N'IT0.004.2' , N'5' ,8 );
INSERT INTO TRANSCRIPT VALUES( N'IT0.004.2' , N'6' ,6 );
INSERT INTO TRANSCRIPT VALUES( N'IT0.004.2' , N'7' ,4 );
INSERT INTO TRANSCRIPT VALUES( N'IT0.004.2' , N'8' ,1 );
INSERT INTO TRANSCRIPT VALUES( N'IT0.004.2' , N'9' ,1 );
INSERT INTO TRANSCRIPT VALUES( N'IT0.004.2' , N'10' ,5 );
INSERT INTO TRANSCRIPT VALUES( N'IT0.004.2' , N'11' ,4 );
INSERT INTO TRANSCRIPT VALUES( N'IT0.004.2' , N'12' ,4 );
INSERT INTO TRANSCRIPT VALUES( N'IT0.004.2' , N'13' ,9 );
INSERT INTO TRANSCRIPT VALUES( N'IT0.004.2' , N'14' ,7 );
INSERT INTO TRANSCRIPT VALUES( N'IT0.004.2' , N'15' ,7 );
INSERT INTO TRANSCRIPT VALUES( N'IT0.004.2' , N'16' ,10 );
INSERT INTO TRANSCRIPT VALUES( N'IT0.004.2' , N'17' ,6 );
INSERT INTO TRANSCRIPT VALUES( N'IT0.004.2' , N'18' ,6 );
INSERT INTO TRANSCRIPT VALUES( N'IT0.004.2' , N'19' ,6 );
INSERT INTO TRANSCRIPT VALUES( N'IT0.004.2' , N'20' ,8 );
INSERT INTO TRANSCRIPT VALUES( N'IT0.004.2' , N'21' ,8 );
INSERT INTO TRANSCRIPT VALUES( N'IT0.004.2' , N'22' ,6 );
INSERT INTO TRANSCRIPT VALUES( N'IT0.004.2' , N'23' ,6 );
INSERT INTO TRANSCRIPT VALUES( N'IT0.004.2' , N'24' ,9 );
INSERT INTO TRANSCRIPT VALUES( N'IT0.004.2' , N'25' ,8 );
INSERT INTO TRANSCRIPT VALUES( N'IT0.004.2' , N'26' ,8 );
INSERT INTO TRANSCRIPT VALUES( N'IT0.004.2' , N'27' ,7 );
INSERT INTO TRANSCRIPT VALUES( N'IT0.004.2' , N'28' ,2 );
INSERT INTO TRANSCRIPT VALUES( N'IT0.004.2' , N'29' ,4 );
INSERT INTO TRANSCRIPT VALUES( N'IT0.004.2' , N'30' ,9 );
INSERT INTO TRANSCRIPT VALUES( N'IT0.004.2' , N'31' ,8 );
INSERT INTO TRANSCRIPT VALUES( N'IT0.004.2' , N'32' ,4 );
INSERT INTO TRANSCRIPT VALUES( N'IT0.004.2' , N'33' ,2 );
INSERT INTO TRANSCRIPT VALUES( N'IT0.004.2' , N'34' ,7 );
INSERT INTO TRANSCRIPT VALUES( N'IT0.004.2' , N'35' ,3 );
INSERT INTO TRANSCRIPT VALUES( N'IT0.004.2' , N'36' ,7 );
INSERT INTO TRANSCRIPT VALUES( N'IT0.004.2' , N'37' ,6 );
INSERT INTO TRANSCRIPT VALUES( N'IT0.004.2' , N'38' ,9 );
INSERT INTO TRANSCRIPT VALUES( N'IT0.004.2' , N'39' ,5 );
INSERT INTO TRANSCRIPT VALUES( N'IT0.004.2' , N'40' ,7 );
INSERT INTO TRANSCRIPT VALUES( N'IT0.004.2' , N'41' ,3 );
INSERT INTO TRANSCRIPT VALUES( N'IT0.004.2' , N'42' ,10 );
INSERT INTO TRANSCRIPT VALUES( N'IT0.004.2' , N'43' ,2 );
INSERT INTO TRANSCRIPT VALUES( N'IT0.004.2' , N'44' ,7 );
INSERT INTO TRANSCRIPT VALUES( N'IT0.004.2' , N'45' ,0 );
INSERT INTO TRANSCRIPT VALUES( N'IT0.004.2' , N'46' ,7 );
INSERT INTO TRANSCRIPT VALUES( N'IT0.004.2' , N'47' ,10 );
INSERT INTO TRANSCRIPT VALUES( N'IT0.004.2' , N'48' ,6 );
INSERT INTO TRANSCRIPT VALUES( N'IT0.004.2' , N'49' ,6 );
INSERT INTO TRANSCRIPT VALUES( N'IT0.004.2' , N'50' ,2 );
INSERT INTO TRANSCRIPT VALUES( N'IT0.004.2' , N'51' ,9 );
INSERT INTO TRANSCRIPT VALUES( N'IT0.004.2' , N'52' ,8 );
INSERT INTO TRANSCRIPT VALUES( N'IT0.004.2' , N'53' ,5 );
INSERT INTO TRANSCRIPT VALUES( N'IT0.004.2' , N'54' ,5 );
INSERT INTO TRANSCRIPT VALUES( N'IT0.004.2' , N'55' ,1 );
INSERT INTO TRANSCRIPT VALUES( N'IT0.004.2' , N'56' ,10 );
INSERT INTO TRANSCRIPT VALUES( N'IT0.004.2' , N'57' ,5 );
INSERT INTO TRANSCRIPT VALUES( N'IT0.004.2' , N'58' ,5 );
INSERT INTO TRANSCRIPT VALUES( N'IT0.004.2' , N'59' ,4 );
INSERT INTO TRANSCRIPT VALUES( N'IT0.004.2' , N'60' ,4 );
INSERT INTO TRANSCRIPT VALUES( N'IT0.004.2' , N'61' ,1 );
INSERT INTO TRANSCRIPT VALUES( N'IT0.004.2' , N'62' ,6 );
INSERT INTO TRANSCRIPT VALUES( N'IT0.004.2' , N'63' ,3 );
INSERT INTO TRANSCRIPT VALUES( N'IT0.004.2' , N'64' ,8 );
INSERT INTO TRANSCRIPT VALUES( N'IT0.004.2' , N'65' ,4 );
INSERT INTO TRANSCRIPT VALUES( N'IT0.004.2' , N'66' ,9 );
INSERT INTO TRANSCRIPT VALUES( N'IT0.004.2' , N'67' ,6 );
INSERT INTO TRANSCRIPT VALUES( N'IT0.004.2' , N'68' ,8 );
INSERT INTO TRANSCRIPT VALUES( N'IT0.004.2' , N'69' ,9 );
INSERT INTO TRANSCRIPT VALUES( N'IT0.004.2' , N'70' ,5 );
INSERT INTO TRANSCRIPT VALUES( N'IT1.002.2' , N'1' ,6 );
INSERT INTO TRANSCRIPT VALUES( N'IT1.002.2' , N'2' ,5 );
INSERT INTO TRANSCRIPT VALUES( N'IT1.002.2' , N'3' ,4 );
INSERT INTO TRANSCRIPT VALUES( N'IT1.002.2' , N'4' ,5 );
INSERT INTO TRANSCRIPT VALUES( N'IT1.002.2' , N'5' ,6 );
INSERT INTO TRANSCRIPT VALUES( N'IT1.002.2' , N'6' ,8 );
INSERT INTO TRANSCRIPT VALUES( N'IT1.002.2' , N'7' ,1 );
INSERT INTO TRANSCRIPT VALUES( N'IT1.002.2' , N'8' ,8 );
INSERT INTO TRANSCRIPT VALUES( N'IT1.002.2' , N'9' ,9 );
INSERT INTO TRANSCRIPT VALUES( N'IT1.002.2' , N'11' ,1 );
INSERT INTO TRANSCRIPT VALUES( N'IT1.002.2' , N'10' ,6 );
INSERT INTO TRANSCRIPT VALUES( N'IT1.002.2' , N'13' ,2 );
INSERT INTO TRANSCRIPT VALUES( N'IT1.002.2' , N'12' ,3 );
INSERT INTO TRANSCRIPT VALUES( N'IT1.002.2' , N'15' ,1 );
INSERT INTO TRANSCRIPT VALUES( N'IT1.002.2' , N'14' ,3 );
INSERT INTO TRANSCRIPT VALUES( N'IT1.002.2' , N'17' ,10 );
INSERT INTO TRANSCRIPT VALUES( N'IT1.002.2' , N'16' ,1 );
INSERT INTO TRANSCRIPT VALUES( N'IT1.002.2' , N'19' ,6 );
INSERT INTO TRANSCRIPT VALUES( N'IT1.002.2' , N'18' ,7 );
INSERT INTO TRANSCRIPT VALUES( N'IT1.002.2' , N'21' ,3 );
INSERT INTO TRANSCRIPT VALUES( N'IT1.002.2' , N'20' ,7 );
INSERT INTO TRANSCRIPT VALUES( N'IT1.002.2' , N'23' ,2 );
INSERT INTO TRANSCRIPT VALUES( N'IT1.002.2' , N'22' ,5 );
INSERT INTO TRANSCRIPT VALUES( N'IT1.002.2' , N'25' ,7 );
INSERT INTO TRANSCRIPT VALUES( N'IT1.002.2' , N'24' ,9 );
INSERT INTO TRANSCRIPT VALUES( N'IT1.002.2' , N'27' ,6 );
INSERT INTO TRANSCRIPT VALUES( N'IT1.002.2' , N'26' ,6 );
INSERT INTO TRANSCRIPT VALUES( N'IT1.002.2' , N'29' ,6 );
INSERT INTO TRANSCRIPT VALUES( N'IT1.002.2' , N'28' ,7 );
INSERT INTO TRANSCRIPT VALUES( N'IT1.002.2' , N'31' ,5 );
INSERT INTO TRANSCRIPT VALUES( N'IT1.002.2' , N'30' ,7 );
INSERT INTO TRANSCRIPT VALUES( N'IT1.002.2' , N'33' ,1 );
INSERT INTO TRANSCRIPT VALUES( N'IT1.002.2' , N'32' ,2 );
INSERT INTO TRANSCRIPT VALUES( N'IT1.002.2' , N'35' ,5 );
INSERT INTO TRANSCRIPT VALUES( N'IT1.002.2' , N'34' ,4 );
INSERT INTO TRANSCRIPT VALUES( N'IT1.002.2' , N'37' ,7 );
INSERT INTO TRANSCRIPT VALUES( N'IT1.002.2' , N'36' ,1 );
INSERT INTO TRANSCRIPT VALUES( N'IT1.002.2' , N'39' ,7 );
INSERT INTO TRANSCRIPT VALUES( N'IT1.002.2' , N'38' ,6 );
INSERT INTO TRANSCRIPT VALUES( N'IT1.002.2' , N'41' ,3 );
INSERT INTO TRANSCRIPT VALUES( N'IT1.002.2' , N'40' ,9 );
INSERT INTO TRANSCRIPT VALUES( N'IT1.002.2' , N'43' ,6 );
INSERT INTO TRANSCRIPT VALUES( N'IT1.002.2' , N'42' ,1 );
INSERT INTO TRANSCRIPT VALUES( N'IT1.002.2' , N'45' ,2 );
INSERT INTO TRANSCRIPT VALUES( N'IT1.002.2' , N'44' ,1 );
INSERT INTO TRANSCRIPT VALUES( N'IT1.002.2' , N'47' ,10 );
INSERT INTO TRANSCRIPT VALUES( N'IT1.002.2' , N'46' ,9 );
INSERT INTO TRANSCRIPT VALUES( N'IT1.002.2' , N'49' ,7 );
INSERT INTO TRANSCRIPT VALUES( N'IT1.002.2' , N'48' ,0 );
INSERT INTO TRANSCRIPT VALUES( N'IT1.002.2' , N'51' ,4 );
INSERT INTO TRANSCRIPT VALUES( N'IT1.002.2' , N'50' ,6 );
INSERT INTO TRANSCRIPT VALUES( N'IT1.002.2' , N'53' ,9 );
INSERT INTO TRANSCRIPT VALUES( N'IT1.002.2' , N'52' ,4 );
INSERT INTO TRANSCRIPT VALUES( N'IT1.002.2' , N'55' ,7 );
INSERT INTO TRANSCRIPT VALUES( N'IT1.002.2' , N'54' ,8 );
INSERT INTO TRANSCRIPT VALUES( N'IT1.002.2' , N'57' ,7 );
INSERT INTO TRANSCRIPT VALUES( N'IT1.002.2' , N'56' ,4 );
INSERT INTO TRANSCRIPT VALUES( N'IT1.002.2' , N'59' ,6 );
INSERT INTO TRANSCRIPT VALUES( N'IT1.002.2' , N'58' ,2 );
INSERT INTO TRANSCRIPT VALUES( N'IT1.002.2' , N'61' ,10 );
INSERT INTO TRANSCRIPT VALUES( N'IT1.002.2' , N'60' ,2 );
INSERT INTO TRANSCRIPT VALUES( N'IT1.002.2' , N'63' ,2 );
INSERT INTO TRANSCRIPT VALUES( N'IT1.002.2' , N'62' ,8 );
INSERT INTO TRANSCRIPT VALUES( N'IT1.002.2' , N'65' ,7 );
INSERT INTO TRANSCRIPT VALUES( N'IT1.002.2' , N'64' ,8 );
INSERT INTO TRANSCRIPT VALUES( N'IT1.002.2' , N'67' ,8 );
INSERT INTO TRANSCRIPT VALUES( N'IT1.002.2' , N'66' ,1 );
INSERT INTO TRANSCRIPT VALUES( N'IT1.002.2' , N'69' ,5 );
INSERT INTO TRANSCRIPT VALUES( N'IT1.002.2' , N'68' ,4 );
INSERT INTO TRANSCRIPT VALUES( N'IT1.105.3' , N'1' ,10 );
INSERT INTO TRANSCRIPT VALUES( N'IT1.002.2' , N'70' ,9 );
INSERT INTO TRANSCRIPT VALUES( N'IT1.105.3' , N'3' ,8 );
INSERT INTO TRANSCRIPT VALUES( N'IT1.105.3' , N'2' ,1 );
INSERT INTO TRANSCRIPT VALUES( N'IT1.105.3' , N'5' ,10 );
INSERT INTO TRANSCRIPT VALUES( N'IT1.105.3' , N'4' ,8 );
INSERT INTO TRANSCRIPT VALUES( N'IT1.105.3' , N'7' ,1 );
INSERT INTO TRANSCRIPT VALUES( N'IT1.105.3' , N'6' ,0 );
INSERT INTO TRANSCRIPT VALUES( N'IT1.105.3' , N'9' ,7 );
INSERT INTO TRANSCRIPT VALUES( N'IT1.105.3' , N'8' ,9 );
INSERT INTO TRANSCRIPT VALUES( N'IT1.105.3' , N'11' ,8 );
INSERT INTO TRANSCRIPT VALUES( N'IT1.105.3' , N'10' ,9 );
INSERT INTO TRANSCRIPT VALUES( N'IT1.105.3' , N'13' ,3 );
INSERT INTO TRANSCRIPT VALUES( N'IT1.105.3' , N'12' ,5 );
INSERT INTO TRANSCRIPT VALUES( N'IT1.105.3' , N'15' ,2 );
INSERT INTO TRANSCRIPT VALUES( N'IT1.105.3' , N'14' ,7 );
INSERT INTO TRANSCRIPT VALUES( N'IT1.105.3' , N'17' ,9 );
INSERT INTO TRANSCRIPT VALUES( N'IT1.105.3' , N'16' ,5 );
INSERT INTO TRANSCRIPT VALUES( N'IT1.105.3' , N'19' ,4 );
INSERT INTO TRANSCRIPT VALUES( N'IT1.105.3' , N'18' ,10 );
INSERT INTO TRANSCRIPT VALUES( N'IT1.105.3' , N'21' ,9 );
INSERT INTO TRANSCRIPT VALUES( N'IT1.105.3' , N'20' ,5 );
INSERT INTO TRANSCRIPT VALUES( N'IT1.105.3' , N'23' ,10 );
INSERT INTO TRANSCRIPT VALUES( N'IT1.105.3' , N'22' ,3 );
INSERT INTO TRANSCRIPT VALUES( N'IT1.105.3' , N'25' ,9 );
INSERT INTO TRANSCRIPT VALUES( N'IT1.105.3' , N'24' ,2 );
INSERT INTO TRANSCRIPT VALUES( N'IT1.105.3' , N'27' ,3 );
INSERT INTO TRANSCRIPT VALUES( N'IT1.105.3' , N'26' ,3 );
INSERT INTO TRANSCRIPT VALUES( N'IT1.105.3' , N'29' ,3 );
INSERT INTO TRANSCRIPT VALUES( N'IT1.105.3' , N'28' ,1 );
INSERT INTO TRANSCRIPT VALUES( N'IT1.105.3' , N'31' ,7 );
INSERT INTO TRANSCRIPT VALUES( N'IT1.105.3' , N'30' ,7 );
INSERT INTO TRANSCRIPT VALUES( N'IT1.105.3' , N'33' ,1 );
INSERT INTO TRANSCRIPT VALUES( N'IT1.105.3' , N'32' ,9 );
INSERT INTO TRANSCRIPT VALUES( N'IT1.105.3' , N'35' ,9 );
INSERT INTO TRANSCRIPT VALUES( N'IT1.105.3' , N'34' ,8 );
INSERT INTO TRANSCRIPT VALUES( N'IT1.105.3' , N'37' ,7 );
INSERT INTO TRANSCRIPT VALUES( N'IT1.105.3' , N'36' ,7 );
INSERT INTO TRANSCRIPT VALUES( N'IT1.105.3' , N'39' ,4 );
INSERT INTO TRANSCRIPT VALUES( N'IT1.105.3' , N'38' ,6 );
INSERT INTO TRANSCRIPT VALUES( N'IT1.105.3' , N'41' ,1 );
INSERT INTO TRANSCRIPT VALUES( N'IT1.105.3' , N'40' ,5 );
INSERT INTO TRANSCRIPT VALUES( N'IT1.105.3' , N'43' ,1 );
INSERT INTO TRANSCRIPT VALUES( N'IT1.105.3' , N'42' ,1 );
INSERT INTO TRANSCRIPT VALUES( N'IT1.105.3' , N'45' ,7 );
INSERT INTO TRANSCRIPT VALUES( N'IT1.105.3' , N'44' ,1 );
INSERT INTO TRANSCRIPT VALUES( N'IT1.105.3' , N'47' ,6 );
INSERT INTO TRANSCRIPT VALUES( N'IT1.105.3' , N'46' ,6 );
INSERT INTO TRANSCRIPT VALUES( N'IT1.105.3' , N'49' ,10 );
INSERT INTO TRANSCRIPT VALUES( N'IT1.105.3' , N'48' ,1 );
INSERT INTO TRANSCRIPT VALUES( N'IT1.105.3' , N'51' ,9 );
INSERT INTO TRANSCRIPT VALUES( N'IT1.105.3' , N'50' ,3 );
INSERT INTO TRANSCRIPT VALUES( N'IT1.105.3' , N'53' ,3 );
INSERT INTO TRANSCRIPT VALUES( N'IT1.105.3' , N'52' ,4 );
INSERT INTO TRANSCRIPT VALUES( N'IT1.105.3' , N'55' ,4 );
INSERT INTO TRANSCRIPT VALUES( N'IT1.105.3' , N'54' ,10 );
INSERT INTO TRANSCRIPT VALUES( N'IT1.105.3' , N'57' ,4 );
INSERT INTO TRANSCRIPT VALUES( N'IT1.105.3' , N'56' ,7 );
INSERT INTO TRANSCRIPT VALUES( N'IT1.105.3' , N'59' ,3 );
INSERT INTO TRANSCRIPT VALUES( N'IT1.105.3' , N'58' ,2 );
INSERT INTO TRANSCRIPT VALUES( N'IT1.105.3' , N'61' ,8 );
INSERT INTO TRANSCRIPT VALUES( N'IT1.105.3' , N'60' ,8 );
INSERT INTO TRANSCRIPT VALUES( N'IT1.105.3' , N'63' ,8 );
INSERT INTO TRANSCRIPT VALUES( N'IT1.105.3' , N'62' ,2 );
INSERT INTO TRANSCRIPT VALUES( N'IT1.105.3' , N'65' ,7 );
INSERT INTO TRANSCRIPT VALUES( N'IT1.105.3' , N'64' ,10 );
INSERT INTO TRANSCRIPT VALUES( N'IT1.105.3' , N'67' ,5 );
INSERT INTO TRANSCRIPT VALUES( N'IT1.105.3' , N'66' ,10 );
INSERT INTO TRANSCRIPT VALUES( N'IT1.105.3' , N'69' ,1 );
INSERT INTO TRANSCRIPT VALUES( N'IT1.105.3' , N'68' ,2 );
INSERT INTO TRANSCRIPT VALUES( N'IT1.106.3' , N'1' ,7 );
INSERT INTO TRANSCRIPT VALUES( N'IT1.105.3' , N'70' ,5 );
INSERT INTO TRANSCRIPT VALUES( N'IT1.106.3' , N'3' ,7 );
INSERT INTO TRANSCRIPT VALUES( N'IT1.106.3' , N'2' ,9 );
INSERT INTO TRANSCRIPT VALUES( N'IT1.106.3' , N'5' ,3 );
INSERT INTO TRANSCRIPT VALUES( N'IT1.106.3' , N'4' ,2 );
INSERT INTO TRANSCRIPT VALUES( N'IT1.106.3' , N'7' ,2 );
INSERT INTO TRANSCRIPT VALUES( N'IT1.106.3' , N'6' ,8 );
INSERT INTO TRANSCRIPT VALUES( N'IT1.106.3' , N'9' ,0 );
INSERT INTO TRANSCRIPT VALUES( N'IT1.106.3' , N'8' ,3 );
INSERT INTO TRANSCRIPT VALUES( N'IT1.106.3' , N'11' ,4 );
INSERT INTO TRANSCRIPT VALUES( N'IT1.106.3' , N'10' ,8 );
INSERT INTO TRANSCRIPT VALUES( N'IT1.106.3' , N'13' ,2 );
INSERT INTO TRANSCRIPT VALUES( N'IT1.106.3' , N'12' ,8 );
INSERT INTO TRANSCRIPT VALUES( N'IT1.106.3' , N'15' ,10 );
INSERT INTO TRANSCRIPT VALUES( N'IT1.106.3' , N'14' ,2 );
INSERT INTO TRANSCRIPT VALUES( N'IT1.106.3' , N'17' ,5 );
INSERT INTO TRANSCRIPT VALUES( N'IT1.106.3' , N'16' ,3 );
INSERT INTO TRANSCRIPT VALUES( N'IT1.106.3' , N'19' ,0 );
INSERT INTO TRANSCRIPT VALUES( N'IT1.106.3' , N'18' ,9 );
INSERT INTO TRANSCRIPT VALUES( N'IT1.106.3' , N'21' ,4 );
INSERT INTO TRANSCRIPT VALUES( N'IT1.106.3' , N'20' ,6 );
INSERT INTO TRANSCRIPT VALUES( N'IT1.106.3' , N'23' ,4 );
INSERT INTO TRANSCRIPT VALUES( N'IT1.106.3' , N'22' ,4 );
INSERT INTO TRANSCRIPT VALUES( N'IT1.106.3' , N'25' ,7 );
INSERT INTO TRANSCRIPT VALUES( N'IT1.106.3' , N'24' ,1 );
INSERT INTO TRANSCRIPT VALUES( N'IT1.106.3' , N'27' ,2 );
INSERT INTO TRANSCRIPT VALUES( N'IT1.106.3' , N'26' ,2 );
INSERT INTO TRANSCRIPT VALUES( N'IT1.106.3' , N'29' ,6 );
INSERT INTO TRANSCRIPT VALUES( N'IT1.106.3' , N'28' ,0 );
INSERT INTO TRANSCRIPT VALUES( N'IT1.106.3' , N'31' ,9 );
INSERT INTO TRANSCRIPT VALUES( N'IT1.106.3' , N'30' ,2 );
INSERT INTO TRANSCRIPT VALUES( N'IT1.106.3' , N'33' ,9 );
INSERT INTO TRANSCRIPT VALUES( N'IT1.106.3' , N'32' ,2 );
INSERT INTO TRANSCRIPT VALUES( N'IT1.106.3' , N'35' ,4 );
INSERT INTO TRANSCRIPT VALUES( N'IT1.106.3' , N'34' ,3 );
INSERT INTO TRANSCRIPT VALUES( N'IT1.106.3' , N'37' ,5 );
INSERT INTO TRANSCRIPT VALUES( N'IT1.106.3' , N'36' ,3 );
INSERT INTO TRANSCRIPT VALUES( N'IT1.106.3' , N'39' ,1 );
INSERT INTO TRANSCRIPT VALUES( N'IT1.106.3' , N'38' ,4 );
INSERT INTO TRANSCRIPT VALUES( N'IT1.106.3' , N'41' ,0 );
INSERT INTO TRANSCRIPT VALUES( N'IT1.106.3' , N'40' ,1 );
INSERT INTO TRANSCRIPT VALUES( N'IT1.106.3' , N'43' ,8 );
INSERT INTO TRANSCRIPT VALUES( N'IT1.106.3' , N'42' ,2 );
INSERT INTO TRANSCRIPT VALUES( N'IT1.106.3' , N'45' ,2 );
INSERT INTO TRANSCRIPT VALUES( N'IT1.106.3' , N'44' ,7 );
INSERT INTO TRANSCRIPT VALUES( N'IT1.106.3' , N'47' ,9 );
INSERT INTO TRANSCRIPT VALUES( N'IT1.106.3' , N'46' ,4 );
INSERT INTO TRANSCRIPT VALUES( N'IT1.106.3' , N'49' ,5 );
INSERT INTO TRANSCRIPT VALUES( N'IT1.106.3' , N'48' ,6 );
INSERT INTO TRANSCRIPT VALUES( N'IT1.106.3' , N'51' ,8 );
INSERT INTO TRANSCRIPT VALUES( N'IT1.106.3' , N'50' ,2 );
INSERT INTO TRANSCRIPT VALUES( N'IT1.106.3' , N'53' ,2 );
INSERT INTO TRANSCRIPT VALUES( N'IT1.106.3' , N'52' ,7 );
INSERT INTO TRANSCRIPT VALUES( N'IT1.106.3' , N'55' ,6 );
INSERT INTO TRANSCRIPT VALUES( N'IT1.106.3' , N'54' ,2 );
INSERT INTO TRANSCRIPT VALUES( N'IT1.106.3' , N'57' ,1 );
INSERT INTO TRANSCRIPT VALUES( N'IT1.106.3' , N'56' ,9 );
INSERT INTO TRANSCRIPT VALUES( N'IT1.106.3' , N'59' ,8 );
INSERT INTO TRANSCRIPT VALUES( N'IT1.106.3' , N'58' ,2 );
INSERT INTO TRANSCRIPT VALUES( N'IT1.106.3' , N'61' ,7 );
INSERT INTO TRANSCRIPT VALUES( N'IT1.106.3' , N'60' ,1 );
INSERT INTO TRANSCRIPT VALUES( N'IT1.106.3' , N'63' ,4 );
INSERT INTO TRANSCRIPT VALUES( N'IT1.106.3' , N'62' ,7 );
INSERT INTO TRANSCRIPT VALUES( N'IT1.106.3' , N'65' ,6 );
INSERT INTO TRANSCRIPT VALUES( N'IT1.106.3' , N'64' ,7 );
INSERT INTO TRANSCRIPT VALUES( N'IT1.106.3' , N'67' ,4 );
INSERT INTO TRANSCRIPT VALUES( N'IT1.106.3' , N'66' ,9 );
INSERT INTO TRANSCRIPT VALUES( N'IT1.106.3' , N'69' ,4 );
INSERT INTO TRANSCRIPT VALUES( N'IT1.106.3' , N'68' ,6 );
INSERT INTO TRANSCRIPT VALUES( N'IT1.107.3' , N'1' ,5 );
INSERT INTO TRANSCRIPT VALUES( N'IT1.106.3' , N'70' ,4 );
INSERT INTO TRANSCRIPT VALUES( N'IT1.107.3' , N'3' ,2 );
INSERT INTO TRANSCRIPT VALUES( N'IT1.107.3' , N'2' ,7 );
INSERT INTO TRANSCRIPT VALUES( N'IT1.107.3' , N'5' ,7 );
INSERT INTO TRANSCRIPT VALUES( N'IT1.107.3' , N'4' ,5 );
INSERT INTO TRANSCRIPT VALUES( N'IT1.107.3' , N'7' ,4 );
INSERT INTO TRANSCRIPT VALUES( N'IT1.107.3' , N'6' ,6 );
INSERT INTO TRANSCRIPT VALUES( N'IT1.107.3' , N'9' ,7 );
INSERT INTO TRANSCRIPT VALUES( N'IT1.107.3' , N'8' ,4 );
INSERT INTO TRANSCRIPT VALUES( N'IT1.107.3' , N'11' ,5 );
INSERT INTO TRANSCRIPT VALUES( N'IT1.107.3' , N'10' ,2 );
INSERT INTO TRANSCRIPT VALUES( N'IT1.107.3' , N'13' ,9 );
INSERT INTO TRANSCRIPT VALUES( N'IT1.107.3' , N'12' ,4 );
INSERT INTO TRANSCRIPT VALUES( N'IT1.107.3' , N'15' ,4 );
INSERT INTO TRANSCRIPT VALUES( N'IT1.107.3' , N'14' ,8 );
INSERT INTO TRANSCRIPT VALUES( N'IT1.107.3' , N'17' ,5 );
INSERT INTO TRANSCRIPT VALUES( N'IT1.107.3' , N'16' ,10 );
INSERT INTO TRANSCRIPT VALUES( N'IT1.107.3' , N'19' ,2 );
INSERT INTO TRANSCRIPT VALUES( N'IT1.107.3' , N'18' ,0 );
INSERT INTO TRANSCRIPT VALUES( N'IT1.107.3' , N'21' ,5 );
INSERT INTO TRANSCRIPT VALUES( N'IT1.107.3' , N'20' ,7 );
INSERT INTO TRANSCRIPT VALUES( N'IT1.107.3' , N'23' ,9 );
INSERT INTO TRANSCRIPT VALUES( N'IT1.107.3' , N'22' ,6 );
INSERT INTO TRANSCRIPT VALUES( N'IT1.107.3' , N'25' ,1 );
INSERT INTO TRANSCRIPT VALUES( N'IT1.107.3' , N'24' ,9 );
INSERT INTO TRANSCRIPT VALUES( N'IT1.107.3' , N'27' ,6 );
INSERT INTO TRANSCRIPT VALUES( N'IT1.107.3' , N'26' ,3 );
INSERT INTO TRANSCRIPT VALUES( N'IT1.107.3' , N'29' ,8 );
INSERT INTO TRANSCRIPT VALUES( N'IT1.107.3' , N'28' ,10 );
INSERT INTO TRANSCRIPT VALUES( N'IT1.107.3' , N'31' ,8 );
INSERT INTO TRANSCRIPT VALUES( N'IT1.107.3' , N'30' ,2 );
INSERT INTO TRANSCRIPT VALUES( N'IT1.107.3' , N'33' ,5 );
INSERT INTO TRANSCRIPT VALUES( N'IT1.107.3' , N'32' ,5 );
INSERT INTO TRANSCRIPT VALUES( N'IT1.107.3' , N'35' ,9 );
INSERT INTO TRANSCRIPT VALUES( N'IT1.107.3' , N'34' ,4 );
INSERT INTO TRANSCRIPT VALUES( N'IT1.107.3' , N'37' ,5 );
INSERT INTO TRANSCRIPT VALUES( N'IT1.107.3' , N'36' ,7 );
INSERT INTO TRANSCRIPT VALUES( N'IT1.107.3' , N'39' ,7 );
INSERT INTO TRANSCRIPT VALUES( N'IT1.107.3' , N'38' ,6 );
INSERT INTO TRANSCRIPT VALUES( N'IT1.107.3' , N'41' ,8 );
INSERT INTO TRANSCRIPT VALUES( N'IT1.107.3' , N'40' ,1 );
INSERT INTO TRANSCRIPT VALUES( N'IT1.107.3' , N'43' ,7 );
INSERT INTO TRANSCRIPT VALUES( N'IT1.107.3' , N'42' ,8 );
INSERT INTO TRANSCRIPT VALUES( N'IT1.107.3' , N'45' ,1 );
INSERT INTO TRANSCRIPT VALUES( N'IT1.107.3' , N'44' ,7 );
INSERT INTO TRANSCRIPT VALUES( N'IT1.107.3' , N'47' ,7 );
INSERT INTO TRANSCRIPT VALUES( N'IT1.107.3' , N'46' ,5 );
INSERT INTO TRANSCRIPT VALUES( N'IT1.107.3' , N'49' ,9 );
INSERT INTO TRANSCRIPT VALUES( N'IT1.107.3' , N'48' ,4 );
INSERT INTO TRANSCRIPT VALUES( N'IT1.107.3' , N'51' ,8 );
INSERT INTO TRANSCRIPT VALUES( N'IT1.107.3' , N'50' ,10 );
INSERT INTO TRANSCRIPT VALUES( N'IT1.107.3' , N'53' ,7 );
INSERT INTO TRANSCRIPT VALUES( N'IT1.107.3' , N'52' ,7 );
INSERT INTO TRANSCRIPT VALUES( N'IT1.107.3' , N'55' ,5 );
INSERT INTO TRANSCRIPT VALUES( N'IT1.107.3' , N'54' ,3 );
INSERT INTO TRANSCRIPT VALUES( N'IT1.107.3' , N'57' ,4 );
INSERT INTO TRANSCRIPT VALUES( N'IT1.107.3' , N'56' ,8 );
INSERT INTO TRANSCRIPT VALUES( N'IT1.107.3' , N'59' ,7 );
INSERT INTO TRANSCRIPT VALUES( N'IT1.107.3' , N'58' ,9 );
INSERT INTO TRANSCRIPT VALUES( N'IT1.107.3' , N'61' ,0 );
INSERT INTO TRANSCRIPT VALUES( N'IT1.107.3' , N'60' ,4 );
INSERT INTO TRANSCRIPT VALUES( N'IT1.107.3' , N'63' ,9 );
INSERT INTO TRANSCRIPT VALUES( N'IT1.107.3' , N'62' ,4 );
INSERT INTO TRANSCRIPT VALUES( N'IT1.107.3' , N'65' ,5 );
INSERT INTO TRANSCRIPT VALUES( N'IT1.107.3' , N'64' ,6 );
INSERT INTO TRANSCRIPT VALUES( N'IT1.107.3' , N'67' ,5 );
INSERT INTO TRANSCRIPT VALUES( N'IT1.107.3' , N'66' ,0 );
INSERT INTO TRANSCRIPT VALUES( N'IT1.107.3' , N'69' ,2 );
INSERT INTO TRANSCRIPT VALUES( N'IT1.107.3' , N'68' ,4 );
INSERT INTO TRANSCRIPT VALUES( N'IT1.108.3' , N'1' ,7 );
INSERT INTO TRANSCRIPT VALUES( N'IT1.107.3' , N'70' ,9 );
INSERT INTO TRANSCRIPT VALUES( N'IT1.108.3' , N'3' ,2 );
INSERT INTO TRANSCRIPT VALUES( N'IT1.108.3' , N'2' ,1 );
INSERT INTO TRANSCRIPT VALUES( N'IT1.108.3' , N'5' ,1 );
INSERT INTO TRANSCRIPT VALUES( N'IT1.108.3' , N'4' ,5 );
INSERT INTO TRANSCRIPT VALUES( N'IT1.108.3' , N'7' ,8 );
INSERT INTO TRANSCRIPT VALUES( N'IT1.108.3' , N'6' ,6 );
INSERT INTO TRANSCRIPT VALUES( N'IT1.108.3' , N'9' ,9 );
INSERT INTO TRANSCRIPT VALUES( N'IT1.108.3' , N'8' ,1 );
INSERT INTO TRANSCRIPT VALUES( N'IT1.108.3' , N'11' ,2 );
INSERT INTO TRANSCRIPT VALUES( N'IT1.108.3' , N'10' ,5 );
INSERT INTO TRANSCRIPT VALUES( N'IT1.108.3' , N'13' ,6 );
INSERT INTO TRANSCRIPT VALUES( N'IT1.108.3' , N'12' ,6 );
INSERT INTO TRANSCRIPT VALUES( N'IT1.108.3' , N'15' ,6 );
INSERT INTO TRANSCRIPT VALUES( N'IT1.108.3' , N'14' ,4 );
INSERT INTO TRANSCRIPT VALUES( N'IT1.108.3' , N'17' ,6 );
INSERT INTO TRANSCRIPT VALUES( N'IT1.108.3' , N'16' ,10 );
INSERT INTO TRANSCRIPT VALUES( N'IT1.108.3' , N'19' ,4 );
INSERT INTO TRANSCRIPT VALUES( N'IT1.108.3' , N'18' ,9 );
INSERT INTO TRANSCRIPT VALUES( N'IT1.108.3' , N'21' ,4 );
INSERT INTO TRANSCRIPT VALUES( N'IT1.108.3' , N'20' ,9 );
INSERT INTO TRANSCRIPT VALUES( N'IT1.108.3' , N'23' ,2 );
INSERT INTO TRANSCRIPT VALUES( N'IT1.108.3' , N'22' ,0 );
INSERT INTO TRANSCRIPT VALUES( N'IT1.108.3' , N'25' ,4 );
INSERT INTO TRANSCRIPT VALUES( N'IT1.108.3' , N'24' ,5 );
INSERT INTO TRANSCRIPT VALUES( N'IT1.108.3' , N'27' ,4 );
INSERT INTO TRANSCRIPT VALUES( N'IT1.108.3' , N'26' ,1 );
INSERT INTO TRANSCRIPT VALUES( N'IT1.108.3' , N'29' ,10 );
INSERT INTO TRANSCRIPT VALUES( N'IT1.108.3' , N'28' ,5 );
INSERT INTO TRANSCRIPT VALUES( N'IT1.108.3' , N'31' ,2 );
INSERT INTO TRANSCRIPT VALUES( N'IT1.108.3' , N'30' ,7 );
INSERT INTO TRANSCRIPT VALUES( N'IT1.108.3' , N'33' ,1 );
INSERT INTO TRANSCRIPT VALUES( N'IT1.108.3' , N'32' ,9 );
INSERT INTO TRANSCRIPT VALUES( N'IT1.108.3' , N'35' ,6 );
INSERT INTO TRANSCRIPT VALUES( N'IT1.108.3' , N'34' ,8 );
INSERT INTO TRANSCRIPT VALUES( N'IT1.108.3' , N'37' ,1 );
INSERT INTO TRANSCRIPT VALUES( N'IT1.108.3' , N'36' ,4 );
INSERT INTO TRANSCRIPT VALUES( N'IT1.108.3' , N'39' ,3 );
INSERT INTO TRANSCRIPT VALUES( N'IT1.108.3' , N'38' ,2 );
INSERT INTO TRANSCRIPT VALUES( N'IT1.108.3' , N'41' ,3 );
INSERT INTO TRANSCRIPT VALUES( N'IT1.108.3' , N'40' ,4 );
INSERT INTO TRANSCRIPT VALUES( N'IT1.108.3' , N'43' ,9 );
INSERT INTO TRANSCRIPT VALUES( N'IT1.108.3' , N'42' ,10 );
INSERT INTO TRANSCRIPT VALUES( N'IT1.108.3' , N'45' ,9 );
INSERT INTO TRANSCRIPT VALUES( N'IT1.108.3' , N'44' ,2 );
INSERT INTO TRANSCRIPT VALUES( N'IT1.108.3' , N'47' ,6 );
INSERT INTO TRANSCRIPT VALUES( N'IT1.108.3' , N'46' ,8 );
INSERT INTO TRANSCRIPT VALUES( N'IT1.108.3' , N'49' ,6 );
INSERT INTO TRANSCRIPT VALUES( N'IT1.108.3' , N'48' ,0 );
INSERT INTO TRANSCRIPT VALUES( N'IT1.108.3' , N'51' ,5 );
INSERT INTO TRANSCRIPT VALUES( N'IT1.108.3' , N'50' ,3 );
INSERT INTO TRANSCRIPT VALUES( N'IT1.108.3' , N'53' ,5 );
INSERT INTO TRANSCRIPT VALUES( N'IT1.108.3' , N'52' ,4 );
INSERT INTO TRANSCRIPT VALUES( N'IT1.108.3' , N'55' ,2 );
INSERT INTO TRANSCRIPT VALUES( N'IT1.108.3' , N'54' ,9 );
INSERT INTO TRANSCRIPT VALUES( N'IT1.108.3' , N'57' ,10 );
INSERT INTO TRANSCRIPT VALUES( N'IT1.108.3' , N'56' ,4 );
INSERT INTO TRANSCRIPT VALUES( N'IT1.108.3' , N'59' ,9 );
INSERT INTO TRANSCRIPT VALUES( N'IT1.108.3' , N'58' ,3 );
INSERT INTO TRANSCRIPT VALUES( N'IT1.108.3' , N'61' ,7 );
INSERT INTO TRANSCRIPT VALUES( N'IT1.108.3' , N'60' ,5 );
INSERT INTO TRANSCRIPT VALUES( N'IT1.108.3' , N'63' ,9 );
INSERT INTO TRANSCRIPT VALUES( N'IT1.108.3' , N'62' ,3 );
INSERT INTO TRANSCRIPT VALUES( N'IT1.108.3' , N'65' ,10 );
INSERT INTO TRANSCRIPT VALUES( N'IT1.108.3' , N'64' ,8 );
INSERT INTO TRANSCRIPT VALUES( N'IT1.108.3' , N'67' ,10 );
INSERT INTO TRANSCRIPT VALUES( N'IT1.108.3' , N'66' ,5 );
INSERT INTO TRANSCRIPT VALUES( N'IT1.108.3' , N'69' ,8 );
INSERT INTO TRANSCRIPT VALUES( N'IT1.108.3' , N'68' ,6 );
INSERT INTO TRANSCRIPT VALUES( N'IT1.109.3' , N'1' ,8 );
INSERT INTO TRANSCRIPT VALUES( N'IT1.108.3' , N'70' ,8 );
INSERT INTO TRANSCRIPT VALUES( N'IT1.109.3' , N'3' ,2 );
INSERT INTO TRANSCRIPT VALUES( N'IT1.109.3' , N'2' ,9 );
INSERT INTO TRANSCRIPT VALUES( N'IT1.109.3' , N'5' ,1 );
INSERT INTO TRANSCRIPT VALUES( N'IT1.109.3' , N'4' ,6 );
INSERT INTO TRANSCRIPT VALUES( N'IT1.109.3' , N'7' ,8 );
INSERT INTO TRANSCRIPT VALUES( N'IT1.109.3' , N'6' ,1 );
INSERT INTO TRANSCRIPT VALUES( N'IT1.109.3' , N'9' ,6 );
INSERT INTO TRANSCRIPT VALUES( N'IT1.109.3' , N'8' ,5 );
INSERT INTO TRANSCRIPT VALUES( N'IT1.109.3' , N'11' ,2 );
INSERT INTO TRANSCRIPT VALUES( N'IT1.109.3' , N'10' ,6 );
INSERT INTO TRANSCRIPT VALUES( N'IT1.109.3' , N'13' ,5 );
INSERT INTO TRANSCRIPT VALUES( N'IT1.109.3' , N'12' ,1 );
INSERT INTO TRANSCRIPT VALUES( N'IT1.109.3' , N'15' ,5 );
INSERT INTO TRANSCRIPT VALUES( N'IT1.109.3' , N'14' ,3 );
INSERT INTO TRANSCRIPT VALUES( N'IT1.109.3' , N'17' ,3 );
INSERT INTO TRANSCRIPT VALUES( N'IT1.109.3' , N'16' ,7 );
INSERT INTO TRANSCRIPT VALUES( N'IT1.109.3' , N'19' ,2 );
INSERT INTO TRANSCRIPT VALUES( N'IT1.109.3' , N'18' ,10 );
INSERT INTO TRANSCRIPT VALUES( N'IT1.109.3' , N'21' ,4 );
INSERT INTO TRANSCRIPT VALUES( N'IT1.109.3' , N'20' ,9 );
INSERT INTO TRANSCRIPT VALUES( N'IT1.109.3' , N'23' ,0 );
INSERT INTO TRANSCRIPT VALUES( N'IT1.109.3' , N'22' ,4 );
INSERT INTO TRANSCRIPT VALUES( N'IT1.109.3' , N'25' ,4 );
INSERT INTO TRANSCRIPT VALUES( N'IT1.109.3' , N'24' ,8 );
INSERT INTO TRANSCRIPT VALUES( N'IT1.109.3' , N'27' ,8 );
INSERT INTO TRANSCRIPT VALUES( N'IT1.109.3' , N'26' ,6 );
INSERT INTO TRANSCRIPT VALUES( N'IT1.109.3' , N'29' ,5 );
INSERT INTO TRANSCRIPT VALUES( N'IT1.109.3' , N'28' ,3 );
INSERT INTO TRANSCRIPT VALUES( N'IT1.109.3' , N'31' ,7 );
INSERT INTO TRANSCRIPT VALUES( N'IT1.109.3' , N'30' ,10 );
INSERT INTO TRANSCRIPT VALUES( N'IT1.109.3' , N'33' ,4 );
INSERT INTO TRANSCRIPT VALUES( N'IT1.109.3' , N'32' ,5 );
INSERT INTO TRANSCRIPT VALUES( N'IT1.109.3' , N'35' ,9 );
INSERT INTO TRANSCRIPT VALUES( N'IT1.109.3' , N'34' ,1 );
INSERT INTO TRANSCRIPT VALUES( N'IT1.109.3' , N'37' ,7 );
INSERT INTO TRANSCRIPT VALUES( N'IT1.109.3' , N'36' ,3 );
INSERT INTO TRANSCRIPT VALUES( N'IT1.109.3' , N'39' ,6 );
INSERT INTO TRANSCRIPT VALUES( N'IT1.109.3' , N'38' ,4 );
INSERT INTO TRANSCRIPT VALUES( N'IT1.109.3' , N'41' ,1 );
INSERT INTO TRANSCRIPT VALUES( N'IT1.109.3' , N'40' ,8 );
INSERT INTO TRANSCRIPT VALUES( N'IT1.109.3' , N'43' ,1 );
INSERT INTO TRANSCRIPT VALUES( N'IT1.109.3' , N'42' ,9 );
INSERT INTO TRANSCRIPT VALUES( N'IT1.109.3' , N'45' ,2 );
INSERT INTO TRANSCRIPT VALUES( N'IT1.109.3' , N'44' ,5 );
INSERT INTO TRANSCRIPT VALUES( N'IT1.109.3' , N'47' ,8 );
INSERT INTO TRANSCRIPT VALUES( N'IT1.109.3' , N'46' ,1 );
INSERT INTO TRANSCRIPT VALUES( N'IT1.109.3' , N'49' ,5 );
INSERT INTO TRANSCRIPT VALUES( N'IT1.109.3' , N'48' ,1 );
INSERT INTO TRANSCRIPT VALUES( N'IT1.109.3' , N'51' ,4 );
INSERT INTO TRANSCRIPT VALUES( N'IT1.109.3' , N'50' ,6 );
INSERT INTO TRANSCRIPT VALUES( N'IT1.109.3' , N'53' ,10 );
INSERT INTO TRANSCRIPT VALUES( N'IT1.109.3' , N'52' ,5 );
INSERT INTO TRANSCRIPT VALUES( N'IT1.109.3' , N'55' ,1 );
INSERT INTO TRANSCRIPT VALUES( N'IT1.109.3' , N'54' ,6 );
INSERT INTO TRANSCRIPT VALUES( N'IT1.109.3' , N'57' ,0 );
INSERT INTO TRANSCRIPT VALUES( N'IT1.109.3' , N'56' ,2 );
INSERT INTO TRANSCRIPT VALUES( N'IT1.109.3' , N'59' ,1 );
INSERT INTO TRANSCRIPT VALUES( N'IT1.109.3' , N'58' ,5 );
INSERT INTO TRANSCRIPT VALUES( N'IT1.109.3' , N'61' ,3 );
INSERT INTO TRANSCRIPT VALUES( N'IT1.109.3' , N'60' ,9 );
INSERT INTO TRANSCRIPT VALUES( N'IT1.109.3' , N'63' ,7 );
INSERT INTO TRANSCRIPT VALUES( N'IT1.109.3' , N'62' ,7 );
INSERT INTO TRANSCRIPT VALUES( N'IT1.109.3' , N'65' ,5 );
INSERT INTO TRANSCRIPT VALUES( N'IT1.109.3' , N'64' ,3 );
INSERT INTO TRANSCRIPT VALUES( N'IT1.109.3' , N'67' ,3 );
INSERT INTO TRANSCRIPT VALUES( N'IT1.109.3' , N'66' ,2 );
INSERT INTO TRANSCRIPT VALUES( N'IT1.109.3' , N'69' ,3 );
INSERT INTO TRANSCRIPT VALUES( N'IT1.109.3' , N'68' ,2 );
INSERT INTO TRANSCRIPT VALUES( N'IT1.110.3' , N'1' ,9 );
INSERT INTO TRANSCRIPT VALUES( N'IT1.109.3' , N'70' ,9 );
INSERT INTO TRANSCRIPT VALUES( N'IT1.110.3' , N'3' ,2 );
INSERT INTO TRANSCRIPT VALUES( N'IT1.110.3' , N'2' ,4 );
INSERT INTO TRANSCRIPT VALUES( N'IT1.110.3' , N'5' ,6 );
INSERT INTO TRANSCRIPT VALUES( N'IT1.110.3' , N'4' ,1 );
INSERT INTO TRANSCRIPT VALUES( N'IT1.110.3' , N'7' ,5 );
INSERT INTO TRANSCRIPT VALUES( N'IT1.110.3' , N'6' ,9 );
INSERT INTO TRANSCRIPT VALUES( N'IT1.110.3' , N'9' ,6 );
INSERT INTO TRANSCRIPT VALUES( N'IT1.110.3' , N'8' ,9 );
INSERT INTO TRANSCRIPT VALUES( N'IT1.110.3' , N'11' ,7 );
INSERT INTO TRANSCRIPT VALUES( N'IT1.110.3' , N'10' ,10 );
INSERT INTO TRANSCRIPT VALUES( N'IT1.110.3' , N'13' ,1 );
INSERT INTO TRANSCRIPT VALUES( N'IT1.110.3' , N'12' ,7 );
INSERT INTO TRANSCRIPT VALUES( N'IT1.110.3' , N'15' ,0 );
INSERT INTO TRANSCRIPT VALUES( N'IT1.110.3' , N'14' ,2 );
INSERT INTO TRANSCRIPT VALUES( N'IT1.110.3' , N'17' ,4 );
INSERT INTO TRANSCRIPT VALUES( N'IT1.110.3' , N'16' ,4 );
INSERT INTO TRANSCRIPT VALUES( N'IT1.110.3' , N'19' ,2 );
INSERT INTO TRANSCRIPT VALUES( N'IT1.110.3' , N'18' ,8 );
INSERT INTO TRANSCRIPT VALUES( N'IT1.110.3' , N'21' ,6 );
INSERT INTO TRANSCRIPT VALUES( N'IT1.110.3' , N'20' ,4 );
INSERT INTO TRANSCRIPT VALUES( N'IT1.110.3' , N'23' ,1 );
INSERT INTO TRANSCRIPT VALUES( N'IT1.110.3' , N'22' ,5 );
INSERT INTO TRANSCRIPT VALUES( N'IT1.110.3' , N'25' ,4 );
INSERT INTO TRANSCRIPT VALUES( N'IT1.110.3' , N'24' ,4 );
INSERT INTO TRANSCRIPT VALUES( N'IT1.110.3' , N'27' ,1 );
INSERT INTO TRANSCRIPT VALUES( N'IT1.110.3' , N'26' ,4 );
INSERT INTO TRANSCRIPT VALUES( N'IT1.110.3' , N'29' ,5 );
INSERT INTO TRANSCRIPT VALUES( N'IT1.110.3' , N'28' ,4 );
INSERT INTO TRANSCRIPT VALUES( N'IT1.110.3' , N'31' ,1 );
INSERT INTO TRANSCRIPT VALUES( N'IT1.110.3' , N'30' ,6 );
INSERT INTO TRANSCRIPT VALUES( N'IT1.110.3' , N'33' ,9 );
INSERT INTO TRANSCRIPT VALUES( N'IT1.110.3' , N'32' ,4 );
INSERT INTO TRANSCRIPT VALUES( N'IT1.110.3' , N'35' ,9 );
INSERT INTO TRANSCRIPT VALUES( N'IT1.110.3' , N'34' ,7 );
INSERT INTO TRANSCRIPT VALUES( N'IT1.110.3' , N'37' ,6 );
INSERT INTO TRANSCRIPT VALUES( N'IT1.110.3' , N'36' ,10 );
INSERT INTO TRANSCRIPT VALUES( N'IT1.110.3' , N'39' ,7 );
INSERT INTO TRANSCRIPT VALUES( N'IT1.110.3' , N'38' ,1 );
INSERT INTO TRANSCRIPT VALUES( N'IT1.110.3' , N'41' ,7 );
INSERT INTO TRANSCRIPT VALUES( N'IT1.110.3' , N'40' ,2 );
INSERT INTO TRANSCRIPT VALUES( N'IT1.110.3' , N'43' ,5 );
INSERT INTO TRANSCRIPT VALUES( N'IT1.110.3' , N'42' ,8 );
INSERT INTO TRANSCRIPT VALUES( N'IT1.110.3' , N'45' ,7 );
INSERT INTO TRANSCRIPT VALUES( N'IT1.110.3' , N'44' ,2 );
INSERT INTO TRANSCRIPT VALUES( N'IT1.110.3' , N'47' ,9 );
INSERT INTO TRANSCRIPT VALUES( N'IT1.110.3' , N'46' ,3 );
INSERT INTO TRANSCRIPT VALUES( N'IT1.110.3' , N'49' ,8 );
INSERT INTO TRANSCRIPT VALUES( N'IT1.110.3' , N'48' ,7 );
INSERT INTO TRANSCRIPT VALUES( N'IT1.110.3' , N'51' ,6 );
INSERT INTO TRANSCRIPT VALUES( N'IT1.110.3' , N'50' ,4 );
INSERT INTO TRANSCRIPT VALUES( N'IT1.110.3' , N'53' ,6 );
INSERT INTO TRANSCRIPT VALUES( N'IT1.110.3' , N'52' ,10 );
INSERT INTO TRANSCRIPT VALUES( N'IT1.110.3' , N'55' ,9 );
INSERT INTO TRANSCRIPT VALUES( N'IT1.110.3' , N'54' ,1 );
INSERT INTO TRANSCRIPT VALUES( N'IT1.110.3' , N'57' ,9 );
INSERT INTO TRANSCRIPT VALUES( N'IT1.110.3' , N'56' ,9 );
INSERT INTO TRANSCRIPT VALUES( N'IT1.110.3' , N'59' ,9 );
INSERT INTO TRANSCRIPT VALUES( N'IT1.110.3' , N'58' ,0 );
INSERT INTO TRANSCRIPT VALUES( N'IT1.110.3' , N'61' ,10 );
INSERT INTO TRANSCRIPT VALUES( N'IT1.110.3' , N'60' ,4 );
INSERT INTO TRANSCRIPT VALUES( N'IT1.110.3' , N'63' ,5 );
INSERT INTO TRANSCRIPT VALUES( N'IT1.110.3' , N'62' ,6 );
INSERT INTO TRANSCRIPT VALUES( N'IT1.110.3' , N'65' ,8 );
INSERT INTO TRANSCRIPT VALUES( N'IT1.110.3' , N'64' ,7 );
INSERT INTO TRANSCRIPT VALUES( N'IT1.110.3' , N'67' ,4 );
INSERT INTO TRANSCRIPT VALUES( N'IT1.110.3' , N'66' ,8 );
INSERT INTO TRANSCRIPT VALUES( N'IT1.110.3' , N'69' ,10 );
INSERT INTO TRANSCRIPT VALUES( N'IT1.110.3' , N'68' ,10 );
INSERT INTO TRANSCRIPT VALUES( N'IT1.111.3' , N'1' ,6 ); 
INSERT INTO TRANSCRIPT VALUES( N'IT1.110.3' , N'70' ,4 );
INSERT INTO TRANSCRIPT VALUES( N'IT1.111.3' , N'3' ,10 );
INSERT INTO TRANSCRIPT VALUES( N'IT1.111.3' , N'2' ,8 ); 
INSERT INTO TRANSCRIPT VALUES( N'IT1.111.3' , N'5' ,8 ); 
INSERT INTO TRANSCRIPT VALUES( N'IT1.111.3' , N'4' ,4 ); 
INSERT INTO TRANSCRIPT VALUES( N'IT1.111.3' , N'7' ,6 ); 
INSERT INTO TRANSCRIPT VALUES( N'IT1.111.3' , N'6' ,0 ); 
INSERT INTO TRANSCRIPT VALUES( N'IT1.111.3' , N'9' ,2 );
INSERT INTO TRANSCRIPT VALUES( N'IT1.111.3' , N'8' ,6 );
INSERT INTO TRANSCRIPT VALUES( N'IT1.111.3' , N'11' ,1 );
INSERT INTO TRANSCRIPT VALUES( N'IT1.111.3' , N'10' ,1 );
INSERT INTO TRANSCRIPT VALUES( N'IT1.111.3' , N'13' ,4 );
INSERT INTO TRANSCRIPT VALUES( N'IT1.111.3' , N'12' ,1 );
INSERT INTO TRANSCRIPT VALUES( N'IT1.111.3' , N'15' ,4 );
INSERT INTO TRANSCRIPT VALUES( N'IT1.111.3' , N'14' ,4 );
INSERT INTO TRANSCRIPT VALUES( N'IT1.111.3' , N'17' ,7 );
INSERT INTO TRANSCRIPT VALUES( N'IT1.111.3' , N'16' ,8 );
INSERT INTO TRANSCRIPT VALUES( N'IT1.111.3' , N'19' ,1 );
INSERT INTO TRANSCRIPT VALUES( N'IT1.111.3' , N'18' ,9 );
INSERT INTO TRANSCRIPT VALUES( N'IT1.111.3' , N'21' ,9 );
INSERT INTO TRANSCRIPT VALUES( N'IT1.111.3' , N'20' ,1 );
INSERT INTO TRANSCRIPT VALUES( N'IT1.111.3' , N'23' ,4 );
INSERT INTO TRANSCRIPT VALUES( N'IT1.111.3' , N'22' ,7 );
INSERT INTO TRANSCRIPT VALUES( N'IT1.111.3' , N'25' ,4 );
INSERT INTO TRANSCRIPT VALUES( N'IT1.111.3' , N'24' ,3 );
INSERT INTO TRANSCRIPT VALUES( N'IT1.111.3' , N'27' ,2 );
INSERT INTO TRANSCRIPT VALUES( N'IT1.111.3' , N'26' ,7 );
INSERT INTO TRANSCRIPT VALUES( N'IT1.111.3' , N'29' ,1 );
INSERT INTO TRANSCRIPT VALUES( N'IT1.111.3' , N'28' ,10 );
INSERT INTO TRANSCRIPT VALUES( N'IT1.111.3' , N'31' ,4 );
INSERT INTO TRANSCRIPT VALUES( N'IT1.111.3' , N'30' ,0 );
INSERT INTO TRANSCRIPT VALUES( N'IT1.111.3' , N'33' ,9 );
INSERT INTO TRANSCRIPT VALUES( N'IT1.111.3' , N'32' ,7 );
INSERT INTO TRANSCRIPT VALUES( N'IT1.111.3' , N'35' ,5 );
INSERT INTO TRANSCRIPT VALUES( N'IT1.111.3' , N'34' ,9 );
INSERT INTO TRANSCRIPT VALUES( N'IT1.111.3' , N'37' ,7 );
INSERT INTO TRANSCRIPT VALUES( N'IT1.111.3' , N'36' ,6 );
INSERT INTO TRANSCRIPT VALUES( N'IT1.111.3' , N'39' ,6 );
INSERT INTO TRANSCRIPT VALUES( N'IT1.111.3' , N'38' ,5 );
INSERT INTO TRANSCRIPT VALUES( N'IT1.111.3' , N'41' ,10 );
INSERT INTO TRANSCRIPT VALUES( N'IT1.111.3' , N'40' ,5 );
INSERT INTO TRANSCRIPT VALUES( N'IT1.111.3' , N'43' ,2 );
INSERT INTO TRANSCRIPT VALUES( N'IT1.111.3' , N'42' ,3 );
INSERT INTO TRANSCRIPT VALUES( N'IT1.111.3' , N'45' ,0 );
INSERT INTO TRANSCRIPT VALUES( N'IT1.111.3' , N'44' ,2 );
INSERT INTO TRANSCRIPT VALUES( N'IT1.111.3' , N'47' ,10 );
INSERT INTO TRANSCRIPT VALUES( N'IT1.111.3' , N'46' ,3 );
INSERT INTO TRANSCRIPT VALUES( N'IT1.111.3' , N'49' ,7 );
INSERT INTO TRANSCRIPT VALUES( N'IT1.111.3' , N'48' ,1 );
INSERT INTO TRANSCRIPT VALUES( N'IT1.111.3' , N'51' ,8 );
INSERT INTO TRANSCRIPT VALUES( N'IT1.111.3' , N'50' ,8 );
INSERT INTO TRANSCRIPT VALUES( N'IT1.111.3' , N'53' ,7 );
INSERT INTO TRANSCRIPT VALUES( N'IT1.111.3' , N'52' ,1 );
INSERT INTO TRANSCRIPT VALUES( N'IT1.111.3' , N'55' ,7 );
INSERT INTO TRANSCRIPT VALUES( N'IT1.111.3' , N'54' ,2 );
INSERT INTO TRANSCRIPT VALUES( N'IT1.111.3' , N'57' ,2 );
INSERT INTO TRANSCRIPT VALUES( N'IT1.111.3' , N'56' ,8 );
INSERT INTO TRANSCRIPT VALUES( N'IT1.111.3' , N'59' ,10 );
INSERT INTO TRANSCRIPT VALUES( N'IT1.111.3' , N'58' ,0 );
INSERT INTO TRANSCRIPT VALUES( N'IT1.111.3' , N'61' ,5 );
INSERT INTO TRANSCRIPT VALUES( N'IT1.111.3' , N'60' ,1 );
INSERT INTO TRANSCRIPT VALUES( N'IT1.111.3' , N'63' ,5 );
INSERT INTO TRANSCRIPT VALUES( N'IT1.111.3' , N'62' ,10 );
INSERT INTO TRANSCRIPT VALUES( N'IT1.111.3' , N'65' ,1 );
INSERT INTO TRANSCRIPT VALUES( N'IT1.111.3' , N'64' ,6 );
INSERT INTO TRANSCRIPT VALUES( N'IT1.111.3' , N'67' ,3 );
INSERT INTO TRANSCRIPT VALUES( N'IT1.111.3' , N'66' ,0 );
INSERT INTO TRANSCRIPT VALUES( N'IT1.111.3' , N'69' ,1 );
INSERT INTO TRANSCRIPT VALUES( N'IT1.111.3' , N'68' ,5 );
INSERT INTO TRANSCRIPT VALUES( N'IT1.112.3' , N'1' ,10 );
INSERT INTO TRANSCRIPT VALUES( N'IT1.111.3' , N'70' ,10 );
INSERT INTO TRANSCRIPT VALUES( N'IT1.112.3' , N'3' ,8 ); 
INSERT INTO TRANSCRIPT VALUES( N'IT1.112.3' , N'2' ,10 );
INSERT INTO TRANSCRIPT VALUES( N'IT1.112.3' , N'5' ,9 ); 
INSERT INTO TRANSCRIPT VALUES( N'IT1.112.3' , N'4' ,6 ); 
INSERT INTO TRANSCRIPT VALUES( N'IT1.112.3' , N'7' ,10 );
INSERT INTO TRANSCRIPT VALUES( N'IT1.112.3' , N'6' ,10 );
INSERT INTO TRANSCRIPT VALUES( N'IT1.112.3' , N'9' ,0 );
INSERT INTO TRANSCRIPT VALUES( N'IT1.112.3' , N'8' ,6 );
INSERT INTO TRANSCRIPT VALUES( N'IT1.112.3' , N'11' ,4 );
INSERT INTO TRANSCRIPT VALUES( N'IT1.112.3' , N'10' ,3 );
INSERT INTO TRANSCRIPT VALUES( N'IT1.112.3' , N'13' ,7 );
INSERT INTO TRANSCRIPT VALUES( N'IT1.112.3' , N'12' ,1 );
INSERT INTO TRANSCRIPT VALUES( N'IT1.112.3' , N'15' ,9 );
INSERT INTO TRANSCRIPT VALUES( N'IT1.112.3' , N'14' ,1 );
INSERT INTO TRANSCRIPT VALUES( N'IT1.112.3' , N'17' ,6 );
INSERT INTO TRANSCRIPT VALUES( N'IT1.112.3' , N'16' ,10 );
INSERT INTO TRANSCRIPT VALUES( N'IT1.112.3' , N'19' ,3 );
INSERT INTO TRANSCRIPT VALUES( N'IT1.112.3' , N'18' ,8 );
INSERT INTO TRANSCRIPT VALUES( N'IT1.112.3' , N'21' ,6 );
INSERT INTO TRANSCRIPT VALUES( N'IT1.112.3' , N'20' ,4 );
INSERT INTO TRANSCRIPT VALUES( N'IT1.112.3' , N'23' ,10 );
INSERT INTO TRANSCRIPT VALUES( N'IT1.112.3' , N'22' ,5 );
INSERT INTO TRANSCRIPT VALUES( N'IT1.112.3' , N'25' ,6 );
INSERT INTO TRANSCRIPT VALUES( N'IT1.112.3' , N'24' ,1 );
INSERT INTO TRANSCRIPT VALUES( N'IT1.112.3' , N'27' ,3 );
INSERT INTO TRANSCRIPT VALUES( N'IT1.112.3' , N'26' ,1 );
INSERT INTO TRANSCRIPT VALUES( N'IT1.112.3' , N'29' ,6 );
INSERT INTO TRANSCRIPT VALUES( N'IT1.112.3' , N'28' ,0 );
INSERT INTO TRANSCRIPT VALUES( N'IT1.112.3' , N'31' ,8 );
INSERT INTO TRANSCRIPT VALUES( N'IT1.112.3' , N'30' ,7 );
INSERT INTO TRANSCRIPT VALUES( N'IT1.112.3' , N'33' ,1 );
INSERT INTO TRANSCRIPT VALUES( N'IT1.112.3' , N'32' ,2 );
INSERT INTO TRANSCRIPT VALUES( N'IT1.112.3' , N'35' ,3 );
INSERT INTO TRANSCRIPT VALUES( N'IT1.112.3' , N'34' ,5 );
INSERT INTO TRANSCRIPT VALUES( N'IT1.112.3' , N'37' ,4 );
INSERT INTO TRANSCRIPT VALUES( N'IT1.112.3' , N'36' ,0 );
INSERT INTO TRANSCRIPT VALUES( N'IT1.112.3' , N'39' ,2 );
INSERT INTO TRANSCRIPT VALUES( N'IT1.112.3' , N'38' ,2 );
INSERT INTO TRANSCRIPT VALUES( N'IT1.112.3' , N'41' ,10 );
INSERT INTO TRANSCRIPT VALUES( N'IT1.112.3' , N'40' ,1 );
INSERT INTO TRANSCRIPT VALUES( N'IT1.112.3' , N'43' ,1 );
INSERT INTO TRANSCRIPT VALUES( N'IT1.112.3' , N'42' ,5 );
INSERT INTO TRANSCRIPT VALUES( N'IT1.112.3' , N'45' ,10 );
INSERT INTO TRANSCRIPT VALUES( N'IT1.112.3' , N'44' ,6 );
INSERT INTO TRANSCRIPT VALUES( N'IT1.112.3' , N'47' ,9 );
INSERT INTO TRANSCRIPT VALUES( N'IT1.112.3' , N'46' ,2 );
INSERT INTO TRANSCRIPT VALUES( N'IT1.112.3' , N'49' ,3 );
INSERT INTO TRANSCRIPT VALUES( N'IT1.112.3' , N'48' ,2 );
INSERT INTO TRANSCRIPT VALUES( N'IT1.112.3' , N'51' ,10 );
INSERT INTO TRANSCRIPT VALUES( N'IT1.112.3' , N'50' ,4 );
INSERT INTO TRANSCRIPT VALUES( N'IT1.112.3' , N'53' ,9 );
INSERT INTO TRANSCRIPT VALUES( N'IT1.112.3' , N'52' ,10 );
INSERT INTO TRANSCRIPT VALUES( N'IT1.112.3' , N'55' ,7 );
INSERT INTO TRANSCRIPT VALUES( N'IT1.112.3' , N'54' ,9 );
INSERT INTO TRANSCRIPT VALUES( N'IT1.112.3' , N'57' ,10 );
INSERT INTO TRANSCRIPT VALUES( N'IT1.112.3' , N'56' ,8 );
INSERT INTO TRANSCRIPT VALUES( N'IT1.112.3' , N'59' ,3 );
INSERT INTO TRANSCRIPT VALUES( N'IT1.112.3' , N'58' ,4 );
INSERT INTO TRANSCRIPT VALUES( N'IT1.112.3' , N'61' ,1 );
INSERT INTO TRANSCRIPT VALUES( N'IT1.112.3' , N'60' ,6 );
INSERT INTO TRANSCRIPT VALUES( N'IT1.112.3' , N'63' ,10 );
INSERT INTO TRANSCRIPT VALUES( N'IT1.112.3' , N'62' ,6 );
INSERT INTO TRANSCRIPT VALUES( N'IT1.112.3' , N'65' ,3 );
INSERT INTO TRANSCRIPT VALUES( N'IT1.112.3' , N'64' ,5 );
INSERT INTO TRANSCRIPT VALUES( N'IT1.112.3' , N'67' ,8 );
INSERT INTO TRANSCRIPT VALUES( N'IT1.112.3' , N'66' ,9 );
INSERT INTO TRANSCRIPT VALUES( N'IT1.112.3' , N'69' ,2 );
INSERT INTO TRANSCRIPT VALUES( N'IT1.112.3' , N'68' ,10 );
INSERT INTO TRANSCRIPT VALUES( N'IT1.113.3' , N'1' ,6 ); 
INSERT INTO TRANSCRIPT VALUES( N'IT1.112.3' , N'70' ,7 );
INSERT INTO TRANSCRIPT VALUES( N'IT1.113.3' , N'3' ,3 ); 
INSERT INTO TRANSCRIPT VALUES( N'IT1.113.3' , N'2' ,1 ); 
INSERT INTO TRANSCRIPT VALUES( N'IT1.113.3' , N'5' ,10 );
INSERT INTO TRANSCRIPT VALUES( N'IT1.113.3' , N'4' ,3 ); 
INSERT INTO TRANSCRIPT VALUES( N'IT1.113.3' , N'7' ,2 ); 
INSERT INTO TRANSCRIPT VALUES( N'IT1.113.3' , N'6' ,5 ); 
INSERT INTO TRANSCRIPT VALUES( N'IT1.113.3' , N'9' ,0 );
INSERT INTO TRANSCRIPT VALUES( N'IT1.113.3' , N'8' ,8 );
INSERT INTO TRANSCRIPT VALUES( N'IT1.113.3' , N'11' ,4 );
INSERT INTO TRANSCRIPT VALUES( N'IT1.113.3' , N'10' ,3 );
INSERT INTO TRANSCRIPT VALUES( N'IT1.113.3' , N'13' ,3 );
INSERT INTO TRANSCRIPT VALUES( N'IT1.113.3' , N'12' ,7 );
INSERT INTO TRANSCRIPT VALUES( N'IT1.113.3' , N'15' ,5 );
INSERT INTO TRANSCRIPT VALUES( N'IT1.113.3' , N'14' ,1 );
INSERT INTO TRANSCRIPT VALUES( N'IT1.113.3' , N'17' ,2 );
INSERT INTO TRANSCRIPT VALUES( N'IT1.113.3' , N'16' ,9 );
INSERT INTO TRANSCRIPT VALUES( N'IT1.113.3' , N'19' ,1 );
INSERT INTO TRANSCRIPT VALUES( N'IT1.113.3' , N'18' ,10 );
INSERT INTO TRANSCRIPT VALUES( N'IT1.113.3' , N'21' ,9 );
INSERT INTO TRANSCRIPT VALUES( N'IT1.113.3' , N'20' ,1 );
INSERT INTO TRANSCRIPT VALUES( N'IT1.113.3' , N'23' ,7 );
INSERT INTO TRANSCRIPT VALUES( N'IT1.113.3' , N'22' ,3 );
INSERT INTO TRANSCRIPT VALUES( N'IT1.113.3' , N'25' ,9 );
INSERT INTO TRANSCRIPT VALUES( N'IT1.113.3' , N'24' ,0 );
INSERT INTO TRANSCRIPT VALUES( N'IT1.113.3' , N'27' ,6 );
INSERT INTO TRANSCRIPT VALUES( N'IT1.113.3' , N'26' ,1 );
INSERT INTO TRANSCRIPT VALUES( N'IT1.113.3' , N'29' ,10 );
INSERT INTO TRANSCRIPT VALUES( N'IT1.113.3' , N'28' ,7 );
INSERT INTO TRANSCRIPT VALUES( N'IT1.113.3' , N'31' ,9 );
INSERT INTO TRANSCRIPT VALUES( N'IT1.113.3' , N'30' ,7 );
INSERT INTO TRANSCRIPT VALUES( N'IT1.113.3' , N'33' ,5 );
INSERT INTO TRANSCRIPT VALUES( N'IT1.113.3' , N'32' ,7 );
INSERT INTO TRANSCRIPT VALUES( N'IT1.113.3' , N'35' ,6 );
INSERT INTO TRANSCRIPT VALUES( N'IT1.113.3' , N'34' ,2 );
INSERT INTO TRANSCRIPT VALUES( N'IT1.113.3' , N'37' ,1 );
INSERT INTO TRANSCRIPT VALUES( N'IT1.113.3' , N'36' ,8 );
INSERT INTO TRANSCRIPT VALUES( N'IT1.113.3' , N'39' ,4 );
INSERT INTO TRANSCRIPT VALUES( N'IT1.113.3' , N'38' ,6 );
INSERT INTO TRANSCRIPT VALUES( N'IT1.113.3' , N'41' ,3 );
INSERT INTO TRANSCRIPT VALUES( N'IT1.113.3' , N'40' ,0 );
INSERT INTO TRANSCRIPT VALUES( N'IT1.113.3' , N'43' ,6 );
INSERT INTO TRANSCRIPT VALUES( N'IT1.113.3' , N'42' ,8 );
INSERT INTO TRANSCRIPT VALUES( N'IT1.113.3' , N'45' ,9 );
INSERT INTO TRANSCRIPT VALUES( N'IT1.113.3' , N'44' ,5 );
INSERT INTO TRANSCRIPT VALUES( N'IT1.113.3' , N'47' ,4 );
INSERT INTO TRANSCRIPT VALUES( N'IT1.113.3' , N'46' ,10 );
INSERT INTO TRANSCRIPT VALUES( N'IT1.113.3' , N'49' ,6 );
INSERT INTO TRANSCRIPT VALUES( N'IT1.113.3' , N'48' ,8 );
INSERT INTO TRANSCRIPT VALUES( N'IT1.113.3' , N'51' ,7 );
INSERT INTO TRANSCRIPT VALUES( N'IT1.113.3' , N'50' ,3 );
INSERT INTO TRANSCRIPT VALUES( N'IT1.113.3' , N'53' ,6 );
INSERT INTO TRANSCRIPT VALUES( N'IT1.113.3' , N'52' ,7 );
INSERT INTO TRANSCRIPT VALUES( N'IT1.113.3' , N'55' ,4 );
INSERT INTO TRANSCRIPT VALUES( N'IT1.113.3' , N'54' ,8 );
INSERT INTO TRANSCRIPT VALUES( N'IT1.113.3' , N'57' ,5 );
INSERT INTO TRANSCRIPT VALUES( N'IT1.113.3' , N'56' ,6 );
INSERT INTO TRANSCRIPT VALUES( N'IT1.113.3' , N'59' ,5 );
INSERT INTO TRANSCRIPT VALUES( N'IT1.113.3' , N'58' ,2 );
INSERT INTO TRANSCRIPT VALUES( N'IT1.113.3' , N'61' ,6 );
INSERT INTO TRANSCRIPT VALUES( N'IT1.113.3' , N'60' ,8 );
INSERT INTO TRANSCRIPT VALUES( N'IT1.113.3' , N'63' ,4 );
INSERT INTO TRANSCRIPT VALUES( N'IT1.113.3' , N'62' ,0 );
INSERT INTO TRANSCRIPT VALUES( N'IT1.113.3' , N'65' ,7 );
INSERT INTO TRANSCRIPT VALUES( N'IT1.113.3' , N'64' ,9 );
INSERT INTO TRANSCRIPT VALUES( N'IT1.113.3' , N'67' ,6 );
INSERT INTO TRANSCRIPT VALUES( N'IT1.113.3' , N'66' ,6 );
INSERT INTO TRANSCRIPT VALUES( N'IT1.113.3' , N'69' ,8 );
INSERT INTO TRANSCRIPT VALUES( N'IT1.113.3' , N'68' ,1 );
INSERT INTO TRANSCRIPT VALUES( N'IT1.114.3' , N'1' ,7 );
INSERT INTO TRANSCRIPT VALUES( N'IT1.113.3' , N'70' ,7 );
INSERT INTO TRANSCRIPT VALUES( N'IT1.114.3' , N'3' ,5 );
INSERT INTO TRANSCRIPT VALUES( N'IT1.114.3' , N'2' ,4 );
INSERT INTO TRANSCRIPT VALUES( N'IT1.114.3' , N'5' ,6 );
INSERT INTO TRANSCRIPT VALUES( N'IT1.114.3' , N'4' ,9 );
INSERT INTO TRANSCRIPT VALUES( N'IT1.114.3' , N'7' ,6 );
INSERT INTO TRANSCRIPT VALUES( N'IT1.114.3' , N'6' ,5 );
INSERT INTO TRANSCRIPT VALUES( N'IT1.114.3' , N'9' ,6 );
INSERT INTO TRANSCRIPT VALUES( N'IT1.114.3' , N'8' ,2 );
INSERT INTO TRANSCRIPT VALUES( N'IT1.114.3' , N'11' ,10 );
INSERT INTO TRANSCRIPT VALUES( N'IT1.114.3' , N'10' ,1 );
INSERT INTO TRANSCRIPT VALUES( N'IT1.114.3' , N'13' ,3 );
INSERT INTO TRANSCRIPT VALUES( N'IT1.114.3' , N'12' ,2 );
INSERT INTO TRANSCRIPT VALUES( N'IT1.114.3' , N'15' ,10 );
INSERT INTO TRANSCRIPT VALUES( N'IT1.114.3' , N'14' ,10 );
INSERT INTO TRANSCRIPT VALUES( N'IT1.114.3' , N'17' ,9 );
INSERT INTO TRANSCRIPT VALUES( N'IT1.114.3' , N'16' ,5 );
INSERT INTO TRANSCRIPT VALUES( N'IT1.114.3' , N'19' ,3 );
INSERT INTO TRANSCRIPT VALUES( N'IT1.114.3' , N'18' ,9 );
INSERT INTO TRANSCRIPT VALUES( N'IT1.114.3' , N'21' ,2 );
INSERT INTO TRANSCRIPT VALUES( N'IT1.114.3' , N'20' ,7 );
INSERT INTO TRANSCRIPT VALUES( N'IT1.114.3' , N'23' ,6 );
INSERT INTO TRANSCRIPT VALUES( N'IT1.114.3' , N'22' ,9 );
INSERT INTO TRANSCRIPT VALUES( N'IT1.114.3' , N'25' ,8 );
INSERT INTO TRANSCRIPT VALUES( N'IT1.114.3' , N'24' ,8 );
INSERT INTO TRANSCRIPT VALUES( N'IT1.114.3' , N'27' ,3 );
INSERT INTO TRANSCRIPT VALUES( N'IT1.114.3' , N'26' ,1 );
INSERT INTO TRANSCRIPT VALUES( N'IT1.114.3' , N'29' ,7 );
INSERT INTO TRANSCRIPT VALUES( N'IT1.114.3' , N'28' ,8 );
INSERT INTO TRANSCRIPT VALUES( N'IT1.114.3' , N'31' ,10 );
INSERT INTO TRANSCRIPT VALUES( N'IT1.114.3' , N'30' ,5 );
INSERT INTO TRANSCRIPT VALUES( N'IT1.114.3' , N'33' ,1 );
INSERT INTO TRANSCRIPT VALUES( N'IT1.114.3' , N'32' ,4 );
INSERT INTO TRANSCRIPT VALUES( N'IT1.114.3' , N'35' ,8 );
INSERT INTO TRANSCRIPT VALUES( N'IT1.114.3' , N'34' ,0 );
INSERT INTO TRANSCRIPT VALUES( N'IT1.114.3' , N'37' ,9 );
INSERT INTO TRANSCRIPT VALUES( N'IT1.114.3' , N'36' ,0 );
INSERT INTO TRANSCRIPT VALUES( N'IT1.114.3' , N'39' ,8 );
INSERT INTO TRANSCRIPT VALUES( N'IT1.114.3' , N'38' ,3 );
INSERT INTO TRANSCRIPT VALUES( N'IT1.114.3' , N'41' ,5 );
INSERT INTO TRANSCRIPT VALUES( N'IT1.114.3' , N'40' ,2 );
INSERT INTO TRANSCRIPT VALUES( N'IT1.114.3' , N'43' ,8 );
INSERT INTO TRANSCRIPT VALUES( N'IT1.114.3' , N'42' ,9 );
INSERT INTO TRANSCRIPT VALUES( N'IT1.114.3' , N'45' ,0 );
INSERT INTO TRANSCRIPT VALUES( N'IT1.114.3' , N'44' ,3 );
INSERT INTO TRANSCRIPT VALUES( N'IT1.114.3' , N'47' ,2 );
INSERT INTO TRANSCRIPT VALUES( N'IT1.114.3' , N'46' ,8 );
INSERT INTO TRANSCRIPT VALUES( N'IT1.114.3' , N'49' ,4 );
INSERT INTO TRANSCRIPT VALUES( N'IT1.114.3' , N'48' ,5 );
INSERT INTO TRANSCRIPT VALUES( N'IT1.114.3' , N'51' ,6 );
INSERT INTO TRANSCRIPT VALUES( N'IT1.114.3' , N'50' ,10 );
INSERT INTO TRANSCRIPT VALUES( N'IT1.114.3' , N'53' ,10 );
INSERT INTO TRANSCRIPT VALUES( N'IT1.114.3' , N'52' ,9 );
INSERT INTO TRANSCRIPT VALUES( N'IT1.114.3' , N'55' ,9 );
INSERT INTO TRANSCRIPT VALUES( N'IT1.114.3' , N'54' ,8 );
INSERT INTO TRANSCRIPT VALUES( N'IT1.114.3' , N'57' ,3 );
INSERT INTO TRANSCRIPT VALUES( N'IT1.114.3' , N'56' ,7 );
INSERT INTO TRANSCRIPT VALUES( N'IT1.114.3' , N'59' ,5 );
INSERT INTO TRANSCRIPT VALUES( N'IT1.114.3' , N'58' ,2 );
INSERT INTO TRANSCRIPT VALUES( N'IT1.114.3' , N'61' ,7 );
INSERT INTO TRANSCRIPT VALUES( N'IT1.114.3' , N'60' ,2 );
INSERT INTO TRANSCRIPT VALUES( N'IT1.114.3' , N'63' ,9 );
INSERT INTO TRANSCRIPT VALUES( N'IT1.114.3' , N'62' ,2 );
INSERT INTO TRANSCRIPT VALUES( N'IT1.114.3' , N'65' ,3 );
INSERT INTO TRANSCRIPT VALUES( N'IT1.114.3' , N'64' ,5 );
INSERT INTO TRANSCRIPT VALUES( N'IT1.114.3' , N'67' ,3 );
INSERT INTO TRANSCRIPT VALUES( N'IT1.114.3' , N'66' ,6 );
INSERT INTO TRANSCRIPT VALUES( N'IT1.114.3' , N'69' ,5 );
INSERT INTO TRANSCRIPT VALUES( N'IT1.114.3' , N'68' ,0 );
INSERT INTO TRANSCRIPT VALUES( N'IT1.115.3' , N'1' ,5 );
INSERT INTO TRANSCRIPT VALUES( N'IT1.114.3' , N'70' ,9 );
INSERT INTO TRANSCRIPT VALUES( N'IT1.115.3' , N'3' ,5 );
INSERT INTO TRANSCRIPT VALUES( N'IT1.115.3' , N'2' ,3 );
INSERT INTO TRANSCRIPT VALUES( N'IT1.115.3' , N'5' ,8 );
INSERT INTO TRANSCRIPT VALUES( N'IT1.115.3' , N'4' ,7 );
INSERT INTO TRANSCRIPT VALUES( N'IT1.115.3' , N'7' ,6 );
INSERT INTO TRANSCRIPT VALUES( N'IT1.115.3' , N'6' ,5 );
INSERT INTO TRANSCRIPT VALUES( N'IT1.115.3' , N'9' ,7 );
INSERT INTO TRANSCRIPT VALUES( N'IT1.115.3' , N'8' ,10 );
INSERT INTO TRANSCRIPT VALUES( N'IT1.115.3' , N'11' ,9 );
INSERT INTO TRANSCRIPT VALUES( N'IT1.115.3' , N'10' ,2 );
INSERT INTO TRANSCRIPT VALUES( N'IT1.115.3' , N'13' ,4 );
INSERT INTO TRANSCRIPT VALUES( N'IT1.115.3' , N'12' ,4 );
INSERT INTO TRANSCRIPT VALUES( N'IT1.115.3' , N'15' ,4 );
INSERT INTO TRANSCRIPT VALUES( N'IT1.115.3' , N'14' ,7 );
INSERT INTO TRANSCRIPT VALUES( N'IT1.115.3' , N'17' ,2 );
INSERT INTO TRANSCRIPT VALUES( N'IT1.115.3' , N'16' ,1 );
INSERT INTO TRANSCRIPT VALUES( N'IT1.115.3' , N'19' ,1 );
INSERT INTO TRANSCRIPT VALUES( N'IT1.115.3' , N'18' ,0 );
INSERT INTO TRANSCRIPT VALUES( N'IT1.115.3' , N'21' ,8 );
INSERT INTO TRANSCRIPT VALUES( N'IT1.115.3' , N'20' ,0 );
INSERT INTO TRANSCRIPT VALUES( N'IT1.115.3' , N'23' ,9 );
INSERT INTO TRANSCRIPT VALUES( N'IT1.115.3' , N'22' ,1 );
INSERT INTO TRANSCRIPT VALUES( N'IT1.115.3' , N'25' ,8 );
INSERT INTO TRANSCRIPT VALUES( N'IT1.115.3' , N'24' ,1 );
INSERT INTO TRANSCRIPT VALUES( N'IT1.115.3' , N'27' ,10 );
INSERT INTO TRANSCRIPT VALUES( N'IT1.115.3' , N'26' ,2 );
INSERT INTO TRANSCRIPT VALUES( N'IT1.115.3' , N'29' ,9 );
INSERT INTO TRANSCRIPT VALUES( N'IT1.115.3' , N'28' ,3 );
INSERT INTO TRANSCRIPT VALUES( N'IT1.115.3' , N'31' ,2 );
INSERT INTO TRANSCRIPT VALUES( N'IT1.115.3' , N'30' ,9 );
INSERT INTO TRANSCRIPT VALUES( N'IT1.115.3' , N'33' ,10 );
INSERT INTO TRANSCRIPT VALUES( N'IT1.115.3' , N'32' ,7 );
INSERT INTO TRANSCRIPT VALUES( N'IT1.115.3' , N'35' ,10 );
INSERT INTO TRANSCRIPT VALUES( N'IT1.115.3' , N'34' ,4 );
INSERT INTO TRANSCRIPT VALUES( N'IT1.115.3' , N'37' ,5 );
INSERT INTO TRANSCRIPT VALUES( N'IT1.115.3' , N'36' ,1 );
INSERT INTO TRANSCRIPT VALUES( N'IT1.115.3' , N'39' ,2 );
INSERT INTO TRANSCRIPT VALUES( N'IT1.115.3' , N'38' ,4 );
INSERT INTO TRANSCRIPT VALUES( N'IT1.115.3' , N'41' ,6 );
INSERT INTO TRANSCRIPT VALUES( N'IT1.115.3' , N'40' ,4 );
INSERT INTO TRANSCRIPT VALUES( N'IT1.115.3' , N'43' ,5 );
INSERT INTO TRANSCRIPT VALUES( N'IT1.115.3' , N'42' ,2 );
INSERT INTO TRANSCRIPT VALUES( N'IT1.115.3' , N'45' ,7 );
INSERT INTO TRANSCRIPT VALUES( N'IT1.115.3' , N'44' ,6 );
INSERT INTO TRANSCRIPT VALUES( N'IT1.115.3' , N'47' ,9 );
INSERT INTO TRANSCRIPT VALUES( N'IT1.115.3' , N'46' ,1 );
INSERT INTO TRANSCRIPT VALUES( N'IT1.115.3' , N'49' ,9 );
INSERT INTO TRANSCRIPT VALUES( N'IT1.115.3' , N'48' ,6 );
INSERT INTO TRANSCRIPT VALUES( N'IT1.115.3' , N'51' ,9 );
INSERT INTO TRANSCRIPT VALUES( N'IT1.115.3' , N'50' ,10 );
INSERT INTO TRANSCRIPT VALUES( N'IT1.115.3' , N'53' ,0 );
INSERT INTO TRANSCRIPT VALUES( N'IT1.115.3' , N'52' ,5 );
INSERT INTO TRANSCRIPT VALUES( N'IT1.115.3' , N'55' ,0 );
INSERT INTO TRANSCRIPT VALUES( N'IT1.115.3' , N'54' ,2 );
INSERT INTO TRANSCRIPT VALUES( N'IT1.115.3' , N'57' ,6 );
INSERT INTO TRANSCRIPT VALUES( N'IT1.115.3' , N'56' ,3 );
INSERT INTO TRANSCRIPT VALUES( N'IT1.115.3' , N'59' ,9 );
INSERT INTO TRANSCRIPT VALUES( N'IT1.115.3' , N'58' ,3 );
INSERT INTO TRANSCRIPT VALUES( N'IT1.115.3' , N'61' ,6 );
INSERT INTO TRANSCRIPT VALUES( N'IT1.115.3' , N'60' ,5 );
INSERT INTO TRANSCRIPT VALUES( N'IT1.115.3' , N'63' ,9 );
INSERT INTO TRANSCRIPT VALUES( N'IT1.115.3' , N'62' ,7 );
INSERT INTO TRANSCRIPT VALUES( N'IT1.115.3' , N'65' ,8 );
INSERT INTO TRANSCRIPT VALUES( N'IT1.115.3' , N'64' ,3 );
INSERT INTO TRANSCRIPT VALUES( N'IT1.115.3' , N'67' ,3 );
INSERT INTO TRANSCRIPT VALUES( N'IT1.115.3' , N'66' ,8 );
INSERT INTO TRANSCRIPT VALUES( N'IT1.115.3' , N'69' ,4 );
INSERT INTO TRANSCRIPT VALUES( N'IT1.115.3' , N'68' ,2 );
INSERT INTO TRANSCRIPT VALUES( N'IT1.217.3' , N'1' ,3 );
INSERT INTO TRANSCRIPT VALUES( N'IT1.115.3' , N'70' ,8 );
INSERT INTO TRANSCRIPT VALUES( N'IT1.217.3' , N'3' ,6 );
INSERT INTO TRANSCRIPT VALUES( N'IT1.217.3' , N'2' ,3 );
INSERT INTO TRANSCRIPT VALUES( N'IT1.217.3' , N'5' ,7 );
INSERT INTO TRANSCRIPT VALUES( N'IT1.217.3' , N'4' ,3 );
INSERT INTO TRANSCRIPT VALUES( N'IT1.217.3' , N'7' ,9 );
INSERT INTO TRANSCRIPT VALUES( N'IT1.217.3' , N'6' ,9 );
INSERT INTO TRANSCRIPT VALUES( N'IT1.217.3' , N'9' ,1 );
INSERT INTO TRANSCRIPT VALUES( N'IT1.217.3' , N'8' ,6 );
INSERT INTO TRANSCRIPT VALUES( N'IT1.217.3' , N'11' ,2 );
INSERT INTO TRANSCRIPT VALUES( N'IT1.217.3' , N'10' ,9 );
INSERT INTO TRANSCRIPT VALUES( N'IT1.217.3' , N'13' ,1 );
INSERT INTO TRANSCRIPT VALUES( N'IT1.217.3' , N'12' ,8 );
INSERT INTO TRANSCRIPT VALUES( N'IT1.217.3' , N'15' ,9 );
INSERT INTO TRANSCRIPT VALUES( N'IT1.217.3' , N'14' ,9 );
INSERT INTO TRANSCRIPT VALUES( N'IT1.217.3' , N'17' ,7 );
INSERT INTO TRANSCRIPT VALUES( N'IT1.217.3' , N'16' ,7 );
INSERT INTO TRANSCRIPT VALUES( N'IT1.217.3' , N'19' ,9 );
INSERT INTO TRANSCRIPT VALUES( N'IT1.217.3' , N'18' ,7 );
INSERT INTO TRANSCRIPT VALUES( N'IT1.217.3' , N'21' ,0 );
INSERT INTO TRANSCRIPT VALUES( N'IT1.217.3' , N'20' ,6 );
INSERT INTO TRANSCRIPT VALUES( N'IT1.217.3' , N'23' ,3 );
INSERT INTO TRANSCRIPT VALUES( N'IT1.217.3' , N'22' ,6 );
INSERT INTO TRANSCRIPT VALUES( N'IT1.217.3' , N'25' ,9 );
INSERT INTO TRANSCRIPT VALUES( N'IT1.217.3' , N'24' ,7 );
INSERT INTO TRANSCRIPT VALUES( N'IT1.217.3' , N'27' ,6 );
INSERT INTO TRANSCRIPT VALUES( N'IT1.217.3' , N'26' ,1 );
INSERT INTO TRANSCRIPT VALUES( N'IT1.217.3' , N'29' ,2 );
INSERT INTO TRANSCRIPT VALUES( N'IT1.217.3' , N'28' ,1 );
INSERT INTO TRANSCRIPT VALUES( N'IT1.217.3' , N'31' ,6 );
INSERT INTO TRANSCRIPT VALUES( N'IT1.217.3' , N'30' ,4 );
INSERT INTO TRANSCRIPT VALUES( N'IT1.217.3' , N'33' ,1 );
INSERT INTO TRANSCRIPT VALUES( N'IT1.217.3' , N'32' ,4 );
INSERT INTO TRANSCRIPT VALUES( N'IT1.217.3' , N'35' ,0 );
INSERT INTO TRANSCRIPT VALUES( N'IT1.217.3' , N'34' ,9 );
INSERT INTO TRANSCRIPT VALUES( N'IT1.217.3' , N'37' ,2 );
INSERT INTO TRANSCRIPT VALUES( N'IT1.217.3' , N'36' ,7 );
INSERT INTO TRANSCRIPT VALUES( N'IT1.217.3' , N'39' ,9 );
INSERT INTO TRANSCRIPT VALUES( N'IT1.217.3' , N'38' ,9 );
INSERT INTO TRANSCRIPT VALUES( N'IT1.217.3' , N'41' ,0 );
INSERT INTO TRANSCRIPT VALUES( N'IT1.217.3' , N'40' ,4 );
INSERT INTO TRANSCRIPT VALUES( N'IT1.217.3' , N'43' ,9 );
INSERT INTO TRANSCRIPT VALUES( N'IT1.217.3' , N'42' ,10 );
INSERT INTO TRANSCRIPT VALUES( N'IT1.217.3' , N'45' ,2 );
INSERT INTO TRANSCRIPT VALUES( N'IT1.217.3' , N'44' ,9 );
INSERT INTO TRANSCRIPT VALUES( N'IT1.217.3' , N'47' ,2 );
INSERT INTO TRANSCRIPT VALUES( N'IT1.217.3' , N'46' ,1 );
INSERT INTO TRANSCRIPT VALUES( N'IT1.217.3' , N'49' ,0 );
INSERT INTO TRANSCRIPT VALUES( N'IT1.217.3' , N'48' ,9 );
INSERT INTO TRANSCRIPT VALUES( N'IT1.217.3' , N'51' ,4 );
INSERT INTO TRANSCRIPT VALUES( N'IT1.217.3' , N'50' ,2 );
INSERT INTO TRANSCRIPT VALUES( N'IT1.217.3' , N'53' ,7 );
INSERT INTO TRANSCRIPT VALUES( N'IT1.217.3' , N'52' ,4 );
INSERT INTO TRANSCRIPT VALUES( N'IT1.217.3' , N'55' ,5 );
INSERT INTO TRANSCRIPT VALUES( N'IT1.217.3' , N'54' ,2 );
INSERT INTO TRANSCRIPT VALUES( N'IT1.217.3' , N'57' ,7 );
INSERT INTO TRANSCRIPT VALUES( N'IT1.217.3' , N'56' ,5 );
INSERT INTO TRANSCRIPT VALUES( N'IT1.217.3' , N'59' ,4 );
INSERT INTO TRANSCRIPT VALUES( N'IT1.217.3' , N'58' ,9 );
INSERT INTO TRANSCRIPT VALUES( N'IT1.217.3' , N'61' ,4 );
INSERT INTO TRANSCRIPT VALUES( N'IT1.217.3' , N'60' ,9 );
INSERT INTO TRANSCRIPT VALUES( N'IT1.217.3' , N'63' ,3 );
INSERT INTO TRANSCRIPT VALUES( N'IT1.217.3' , N'62' ,0 );
INSERT INTO TRANSCRIPT VALUES( N'IT1.217.3' , N'65' ,6 );
INSERT INTO TRANSCRIPT VALUES( N'IT1.217.3' , N'64' ,4 );
INSERT INTO TRANSCRIPT VALUES( N'IT1.217.3' , N'67' ,7 );
INSERT INTO TRANSCRIPT VALUES( N'IT1.217.3' , N'66' ,8 );
INSERT INTO TRANSCRIPT VALUES( N'IT1.217.3' , N'69' ,9 );
INSERT INTO TRANSCRIPT VALUES( N'IT1.217.3' , N'68' ,1 );
INSERT INTO TRANSCRIPT VALUES( N'IT1.223.2' , N'1' ,9 );
INSERT INTO TRANSCRIPT VALUES( N'IT1.217.3' , N'70' ,7 );
INSERT INTO TRANSCRIPT VALUES( N'IT1.223.2' , N'3' ,9 );
INSERT INTO TRANSCRIPT VALUES( N'IT1.223.2' , N'2' ,7 );
INSERT INTO TRANSCRIPT VALUES( N'IT1.223.2' , N'5' ,7 );
INSERT INTO TRANSCRIPT VALUES( N'IT1.223.2' , N'4' ,5 );
INSERT INTO TRANSCRIPT VALUES( N'IT1.223.2' , N'7' ,3 );
INSERT INTO TRANSCRIPT VALUES( N'IT1.223.2' , N'6' ,5 );
INSERT INTO TRANSCRIPT VALUES( N'IT1.223.2' , N'9' ,5 );
INSERT INTO TRANSCRIPT VALUES( N'IT1.223.2' , N'8' ,4 );
INSERT INTO TRANSCRIPT VALUES( N'IT1.223.2' , N'11' ,5 );
INSERT INTO TRANSCRIPT VALUES( N'IT1.223.2' , N'10' ,10 );
INSERT INTO TRANSCRIPT VALUES( N'IT1.223.2' , N'13' ,9 );
INSERT INTO TRANSCRIPT VALUES( N'IT1.223.2' , N'12' ,9 );
INSERT INTO TRANSCRIPT VALUES( N'IT1.223.2' , N'15' ,4 );
INSERT INTO TRANSCRIPT VALUES( N'IT1.223.2' , N'14' ,4 );
INSERT INTO TRANSCRIPT VALUES( N'IT1.223.2' , N'17' ,4 );
INSERT INTO TRANSCRIPT VALUES( N'IT1.223.2' , N'16' ,1 );
INSERT INTO TRANSCRIPT VALUES( N'IT1.223.2' , N'19' ,6 );
INSERT INTO TRANSCRIPT VALUES( N'IT1.223.2' , N'18' ,2 );
INSERT INTO TRANSCRIPT VALUES( N'IT1.223.2' , N'21' ,8 );
INSERT INTO TRANSCRIPT VALUES( N'IT1.223.2' , N'20' ,3 );
INSERT INTO TRANSCRIPT VALUES( N'IT1.223.2' , N'23' ,5 );
INSERT INTO TRANSCRIPT VALUES( N'IT1.223.2' , N'22' ,6 );
INSERT INTO TRANSCRIPT VALUES( N'IT1.223.2' , N'25' ,4 );
INSERT INTO TRANSCRIPT VALUES( N'IT1.223.2' , N'24' ,10 );
INSERT INTO TRANSCRIPT VALUES( N'IT1.223.2' , N'27' ,9 );
INSERT INTO TRANSCRIPT VALUES( N'IT1.223.2' , N'26' ,8 );
INSERT INTO TRANSCRIPT VALUES( N'IT1.223.2' , N'29' ,9 );
INSERT INTO TRANSCRIPT VALUES( N'IT1.223.2' , N'28' ,6 );
INSERT INTO TRANSCRIPT VALUES( N'IT1.223.2' , N'31' ,1 );
INSERT INTO TRANSCRIPT VALUES( N'IT1.223.2' , N'30' ,2 );
INSERT INTO TRANSCRIPT VALUES( N'IT1.223.2' , N'33' ,7 );
INSERT INTO TRANSCRIPT VALUES( N'IT1.223.2' , N'32' ,4 );
INSERT INTO TRANSCRIPT VALUES( N'IT1.223.2' , N'35' ,8 );
INSERT INTO TRANSCRIPT VALUES( N'IT1.223.2' , N'34' ,7 );
INSERT INTO TRANSCRIPT VALUES( N'IT1.223.2' , N'37' ,1 );
INSERT INTO TRANSCRIPT VALUES( N'IT1.223.2' , N'36' ,7 );
INSERT INTO TRANSCRIPT VALUES( N'IT1.223.2' , N'39' ,2 );
INSERT INTO TRANSCRIPT VALUES( N'IT1.223.2' , N'38' ,7 );
INSERT INTO TRANSCRIPT VALUES( N'IT1.223.2' , N'41' ,2 );
INSERT INTO TRANSCRIPT VALUES( N'IT1.223.2' , N'40' ,6 );
INSERT INTO TRANSCRIPT VALUES( N'IT1.223.2' , N'43' ,8 );
INSERT INTO TRANSCRIPT VALUES( N'IT1.223.2' , N'42' ,6 );
INSERT INTO TRANSCRIPT VALUES( N'IT1.223.2' , N'45' ,7 );
INSERT INTO TRANSCRIPT VALUES( N'IT1.223.2' , N'44' ,2 );
INSERT INTO TRANSCRIPT VALUES( N'IT1.223.2' , N'47' ,0 );
INSERT INTO TRANSCRIPT VALUES( N'IT1.223.2' , N'46' ,2 );
INSERT INTO TRANSCRIPT VALUES( N'IT1.223.2' , N'49' ,7 );
INSERT INTO TRANSCRIPT VALUES( N'IT1.223.2' , N'48' ,9 );
INSERT INTO TRANSCRIPT VALUES( N'IT1.223.2' , N'51' ,10 );
INSERT INTO TRANSCRIPT VALUES( N'IT1.223.2' , N'50' ,0 );
INSERT INTO TRANSCRIPT VALUES( N'IT1.223.2' , N'53' ,5 );
INSERT INTO TRANSCRIPT VALUES( N'IT1.223.2' , N'52' ,1 );
INSERT INTO TRANSCRIPT VALUES( N'IT1.223.2' , N'55' ,8 );
INSERT INTO TRANSCRIPT VALUES( N'IT1.223.2' , N'54' ,0 );
INSERT INTO TRANSCRIPT VALUES( N'IT1.223.2' , N'57' ,7 );
INSERT INTO TRANSCRIPT VALUES( N'IT1.223.2' , N'56' ,5 );
INSERT INTO TRANSCRIPT VALUES( N'IT1.223.2' , N'59' ,7 );
INSERT INTO TRANSCRIPT VALUES( N'IT1.223.2' , N'58' ,2 );
INSERT INTO TRANSCRIPT VALUES( N'IT1.223.2' , N'61' ,4 );
INSERT INTO TRANSCRIPT VALUES( N'IT1.223.2' , N'60' ,5 );
INSERT INTO TRANSCRIPT VALUES( N'IT1.223.2' , N'63' ,7 );
INSERT INTO TRANSCRIPT VALUES( N'IT1.223.2' , N'62' ,9 );
INSERT INTO TRANSCRIPT VALUES( N'IT1.223.2' , N'65' ,8 );
INSERT INTO TRANSCRIPT VALUES( N'IT1.223.2' , N'64' ,8 );
INSERT INTO TRANSCRIPT VALUES( N'IT1.223.2' , N'67' ,8 );
INSERT INTO TRANSCRIPT VALUES( N'IT1.223.2' , N'66' ,8 );
INSERT INTO TRANSCRIPT VALUES( N'IT1.223.2' , N'69' ,3 );
INSERT INTO TRANSCRIPT VALUES( N'IT1.223.2' , N'68' ,8 );
INSERT INTO TRANSCRIPT VALUES( N'IT1.224.2' , N'1' ,0 );
INSERT INTO TRANSCRIPT VALUES( N'IT1.223.2' , N'70' ,1 );
INSERT INTO TRANSCRIPT VALUES( N'IT1.224.2' , N'3' ,9 );
INSERT INTO TRANSCRIPT VALUES( N'IT1.224.2' , N'2' ,2 );
INSERT INTO TRANSCRIPT VALUES( N'IT1.224.2' , N'5' ,1 );
INSERT INTO TRANSCRIPT VALUES( N'IT1.224.2' , N'4' ,3 );
INSERT INTO TRANSCRIPT VALUES( N'IT1.224.2' , N'7' ,4 );
INSERT INTO TRANSCRIPT VALUES( N'IT1.224.2' , N'6' ,2 );
INSERT INTO TRANSCRIPT VALUES( N'IT1.224.2' , N'9' ,2 );
INSERT INTO TRANSCRIPT VALUES( N'IT1.224.2' , N'8' ,3 );
INSERT INTO TRANSCRIPT VALUES( N'IT1.224.2' , N'11' ,1 );
INSERT INTO TRANSCRIPT VALUES( N'IT1.224.2' , N'10' ,7 );
INSERT INTO TRANSCRIPT VALUES( N'IT1.224.2' , N'13' ,0 );
INSERT INTO TRANSCRIPT VALUES( N'IT1.224.2' , N'12' ,7 );
INSERT INTO TRANSCRIPT VALUES( N'IT1.224.2' , N'15' ,5 );
INSERT INTO TRANSCRIPT VALUES( N'IT1.224.2' , N'14' ,1 );
INSERT INTO TRANSCRIPT VALUES( N'IT1.224.2' , N'17' ,2 );
INSERT INTO TRANSCRIPT VALUES( N'IT1.224.2' , N'16' ,2 );
INSERT INTO TRANSCRIPT VALUES( N'IT1.224.2' , N'19' ,3 );
INSERT INTO TRANSCRIPT VALUES( N'IT1.224.2' , N'18' ,7 );
INSERT INTO TRANSCRIPT VALUES( N'IT1.224.2' , N'21' ,6 );
INSERT INTO TRANSCRIPT VALUES( N'IT1.224.2' , N'20' ,3 );
INSERT INTO TRANSCRIPT VALUES( N'IT1.224.2' , N'23' ,3 );
INSERT INTO TRANSCRIPT VALUES( N'IT1.224.2' , N'22' ,0 );
INSERT INTO TRANSCRIPT VALUES( N'IT1.224.2' , N'25' ,9 );
INSERT INTO TRANSCRIPT VALUES( N'IT1.224.2' , N'24' ,9 );
INSERT INTO TRANSCRIPT VALUES( N'IT1.224.2' , N'27' ,4 );
INSERT INTO TRANSCRIPT VALUES( N'IT1.224.2' , N'26' ,0 );
INSERT INTO TRANSCRIPT VALUES( N'IT1.224.2' , N'29' ,9 );
INSERT INTO TRANSCRIPT VALUES( N'IT1.224.2' , N'28' ,6 );
INSERT INTO TRANSCRIPT VALUES( N'IT1.224.2' , N'31' ,2 );
INSERT INTO TRANSCRIPT VALUES( N'IT1.224.2' , N'30' ,2 );
INSERT INTO TRANSCRIPT VALUES( N'IT1.224.2' , N'33' ,7 );
INSERT INTO TRANSCRIPT VALUES( N'IT1.224.2' , N'32' ,3 );
INSERT INTO TRANSCRIPT VALUES( N'IT1.224.2' , N'35' ,3 );
INSERT INTO TRANSCRIPT VALUES( N'IT1.224.2' , N'34' ,9 );
INSERT INTO TRANSCRIPT VALUES( N'IT1.224.2' , N'37' ,8 );
INSERT INTO TRANSCRIPT VALUES( N'IT1.224.2' , N'36' ,6 );
INSERT INTO TRANSCRIPT VALUES( N'IT1.224.2' , N'39' ,2 );
INSERT INTO TRANSCRIPT VALUES( N'IT1.224.2' , N'38' ,2 );
INSERT INTO TRANSCRIPT VALUES( N'IT1.224.2' , N'41' ,8 );
INSERT INTO TRANSCRIPT VALUES( N'IT1.224.2' , N'40' ,9 );
INSERT INTO TRANSCRIPT VALUES( N'IT1.224.2' , N'43' ,9 );
INSERT INTO TRANSCRIPT VALUES( N'IT1.224.2' , N'42' ,8 );
INSERT INTO TRANSCRIPT VALUES( N'IT1.224.2' , N'45' ,8 );
INSERT INTO TRANSCRIPT VALUES( N'IT1.224.2' , N'44' ,4 );
INSERT INTO TRANSCRIPT VALUES( N'IT1.224.2' , N'47' ,8 );
INSERT INTO TRANSCRIPT VALUES( N'IT1.224.2' , N'46' ,6 );
INSERT INTO TRANSCRIPT VALUES( N'IT1.224.2' , N'49' ,1 );
INSERT INTO TRANSCRIPT VALUES( N'IT1.224.2' , N'48' ,5 );
INSERT INTO TRANSCRIPT VALUES( N'IT1.224.2' , N'51' ,1 );
INSERT INTO TRANSCRIPT VALUES( N'IT1.224.2' , N'50' ,6 );
INSERT INTO TRANSCRIPT VALUES( N'IT1.224.2' , N'53' ,1 );
INSERT INTO TRANSCRIPT VALUES( N'IT1.224.2' , N'52' ,1 );
INSERT INTO TRANSCRIPT VALUES( N'IT1.224.2' , N'55' ,7 );
INSERT INTO TRANSCRIPT VALUES( N'IT1.224.2' , N'54' ,3 );
INSERT INTO TRANSCRIPT VALUES( N'IT1.224.2' , N'57' ,10 );
INSERT INTO TRANSCRIPT VALUES( N'IT1.224.2' , N'56' ,3 );
INSERT INTO TRANSCRIPT VALUES( N'IT1.224.2' , N'59' ,3 );
INSERT INTO TRANSCRIPT VALUES( N'IT1.224.2' , N'58' ,9 );
INSERT INTO TRANSCRIPT VALUES( N'IT1.224.2' , N'61' ,6 );
INSERT INTO TRANSCRIPT VALUES( N'IT1.224.2' , N'60' ,8 );
INSERT INTO TRANSCRIPT VALUES( N'IT1.224.2' , N'63' ,8 );
INSERT INTO TRANSCRIPT VALUES( N'IT1.224.2' , N'62' ,4 );
INSERT INTO TRANSCRIPT VALUES( N'IT1.224.2' , N'65' ,2 );
INSERT INTO TRANSCRIPT VALUES( N'IT1.224.2' , N'64' ,2 );
INSERT INTO TRANSCRIPT VALUES( N'IT1.224.2' , N'67' ,4 );
INSERT INTO TRANSCRIPT VALUES( N'IT1.224.2' , N'66' ,6 );
INSERT INTO TRANSCRIPT VALUES( N'IT1.224.2' , N'69' ,9 );
INSERT INTO TRANSCRIPT VALUES( N'IT1.224.2' , N'68' ,2 );
INSERT INTO TRANSCRIPT VALUES( N'IT1.219.3' , N'1' ,2 ); 
INSERT INTO TRANSCRIPT VALUES( N'IT1.224.2' , N'70' ,2 );
INSERT INTO TRANSCRIPT VALUES( N'IT1.219.3' , N'3' ,9 ); 
INSERT INTO TRANSCRIPT VALUES( N'IT1.219.3' , N'2' ,4 ); 
INSERT INTO TRANSCRIPT VALUES( N'IT1.219.3' , N'5' ,2 ); 
INSERT INTO TRANSCRIPT VALUES( N'IT1.219.3' , N'4' ,10 );
INSERT INTO TRANSCRIPT VALUES( N'IT1.219.3' , N'7' ,6 ); 
INSERT INTO TRANSCRIPT VALUES( N'IT1.219.3' , N'6' ,0 ); 
INSERT INTO TRANSCRIPT VALUES( N'IT1.219.3' , N'9' ,2 );
INSERT INTO TRANSCRIPT VALUES( N'IT1.219.3' , N'8' ,9 );
INSERT INTO TRANSCRIPT VALUES( N'IT1.219.3' , N'11' ,1 );
INSERT INTO TRANSCRIPT VALUES( N'IT1.219.3' , N'10' ,7 );
INSERT INTO TRANSCRIPT VALUES( N'IT1.219.3' , N'13' ,5 );
INSERT INTO TRANSCRIPT VALUES( N'IT1.219.3' , N'12' ,3 );
INSERT INTO TRANSCRIPT VALUES( N'IT1.219.3' , N'15' ,3 );
INSERT INTO TRANSCRIPT VALUES( N'IT1.219.3' , N'14' ,3 );
INSERT INTO TRANSCRIPT VALUES( N'IT1.219.3' , N'17' ,0 );
INSERT INTO TRANSCRIPT VALUES( N'IT1.219.3' , N'16' ,6 );
INSERT INTO TRANSCRIPT VALUES( N'IT1.219.3' , N'19' ,2 );
INSERT INTO TRANSCRIPT VALUES( N'IT1.219.3' , N'18' ,1 );
INSERT INTO TRANSCRIPT VALUES( N'IT1.219.3' , N'21' ,1 );
INSERT INTO TRANSCRIPT VALUES( N'IT1.219.3' , N'20' ,1 );
INSERT INTO TRANSCRIPT VALUES( N'IT1.219.3' , N'23' ,2 );
INSERT INTO TRANSCRIPT VALUES( N'IT1.219.3' , N'22' ,3 );
INSERT INTO TRANSCRIPT VALUES( N'IT1.219.3' , N'25' ,6 );
INSERT INTO TRANSCRIPT VALUES( N'IT1.219.3' , N'24' ,4 );
INSERT INTO TRANSCRIPT VALUES( N'IT1.219.3' , N'27' ,3 );
INSERT INTO TRANSCRIPT VALUES( N'IT1.219.3' , N'26' ,8 );
INSERT INTO TRANSCRIPT VALUES( N'IT1.219.3' , N'29' ,6 );
INSERT INTO TRANSCRIPT VALUES( N'IT1.219.3' , N'28' ,0 );
INSERT INTO TRANSCRIPT VALUES( N'IT1.219.3' , N'31' ,8 );
INSERT INTO TRANSCRIPT VALUES( N'IT1.219.3' , N'30' ,9 );
INSERT INTO TRANSCRIPT VALUES( N'IT1.219.3' , N'33' ,8 );
INSERT INTO TRANSCRIPT VALUES( N'IT1.219.3' , N'32' ,8 );
INSERT INTO TRANSCRIPT VALUES( N'IT1.219.3' , N'35' ,4 );
INSERT INTO TRANSCRIPT VALUES( N'IT1.219.3' , N'34' ,8 );
INSERT INTO TRANSCRIPT VALUES( N'IT1.219.3' , N'37' ,4 );
INSERT INTO TRANSCRIPT VALUES( N'IT1.219.3' , N'36' ,9 );
INSERT INTO TRANSCRIPT VALUES( N'IT1.219.3' , N'39' ,0 );
INSERT INTO TRANSCRIPT VALUES( N'IT1.219.3' , N'38' ,9 );
INSERT INTO TRANSCRIPT VALUES( N'IT1.219.3' , N'41' ,6 );
INSERT INTO TRANSCRIPT VALUES( N'IT1.219.3' , N'40' ,8 );
INSERT INTO TRANSCRIPT VALUES( N'IT1.219.3' , N'43' ,6 );
INSERT INTO TRANSCRIPT VALUES( N'IT1.219.3' , N'42' ,4 );
INSERT INTO TRANSCRIPT VALUES( N'IT1.219.3' , N'45' ,3 );
INSERT INTO TRANSCRIPT VALUES( N'IT1.219.3' , N'44' ,7 );
INSERT INTO TRANSCRIPT VALUES( N'IT1.219.3' , N'47' ,2 );
INSERT INTO TRANSCRIPT VALUES( N'IT1.219.3' , N'46' ,10 );
INSERT INTO TRANSCRIPT VALUES( N'IT1.219.3' , N'49' ,3 );
INSERT INTO TRANSCRIPT VALUES( N'IT1.219.3' , N'48' ,4 );
INSERT INTO TRANSCRIPT VALUES( N'IT1.219.3' , N'51' ,9 );
INSERT INTO TRANSCRIPT VALUES( N'IT1.219.3' , N'50' ,1 );
INSERT INTO TRANSCRIPT VALUES( N'IT1.219.3' , N'53' ,0 );
INSERT INTO TRANSCRIPT VALUES( N'IT1.219.3' , N'52' ,8 );
INSERT INTO TRANSCRIPT VALUES( N'IT1.219.3' , N'55' ,1 );
INSERT INTO TRANSCRIPT VALUES( N'IT1.219.3' , N'54' ,9 );
INSERT INTO TRANSCRIPT VALUES( N'IT1.219.3' , N'57' ,3 );
INSERT INTO TRANSCRIPT VALUES( N'IT1.219.3' , N'56' ,7 );
INSERT INTO TRANSCRIPT VALUES( N'IT1.219.3' , N'59' ,6 );
INSERT INTO TRANSCRIPT VALUES( N'IT1.219.3' , N'58' ,9 );
INSERT INTO TRANSCRIPT VALUES( N'IT1.219.3' , N'61' ,8 );
INSERT INTO TRANSCRIPT VALUES( N'IT1.219.3' , N'60' ,1 );
INSERT INTO TRANSCRIPT VALUES( N'IT1.219.3' , N'63' ,6 );
INSERT INTO TRANSCRIPT VALUES( N'IT1.219.3' , N'62' ,0 );
INSERT INTO TRANSCRIPT VALUES( N'IT1.219.3' , N'65' ,4 );
INSERT INTO TRANSCRIPT VALUES( N'IT1.219.3' , N'64' ,2 );
INSERT INTO TRANSCRIPT VALUES( N'IT1.219.3' , N'67' ,2 );
INSERT INTO TRANSCRIPT VALUES( N'IT1.219.3' , N'66' ,4 );
INSERT INTO TRANSCRIPT VALUES( N'IT1.219.3' , N'69' ,4 );
INSERT INTO TRANSCRIPT VALUES( N'IT1.219.3' , N'68' ,8 );
INSERT INTO TRANSCRIPT VALUES( N'IT1.220.3' , N'1' ,7 );
INSERT INTO TRANSCRIPT VALUES( N'IT1.219.3' , N'70' ,8 );
INSERT INTO TRANSCRIPT VALUES( N'IT1.220.3' , N'3' ,3 );
INSERT INTO TRANSCRIPT VALUES( N'IT1.220.3' , N'2' ,7 );
INSERT INTO TRANSCRIPT VALUES( N'IT1.220.3' , N'5' ,7 );
INSERT INTO TRANSCRIPT VALUES( N'IT1.220.3' , N'4' ,1 );
INSERT INTO TRANSCRIPT VALUES( N'IT1.220.3' , N'7' ,4 );
INSERT INTO TRANSCRIPT VALUES( N'IT1.220.3' , N'6' ,3 );
INSERT INTO TRANSCRIPT VALUES( N'IT1.220.3' , N'9' ,4 );
INSERT INTO TRANSCRIPT VALUES( N'IT1.220.3' , N'8' ,1 );
INSERT INTO TRANSCRIPT VALUES( N'IT1.220.3' , N'11' ,5 );
INSERT INTO TRANSCRIPT VALUES( N'IT1.220.3' , N'10' ,4 );
INSERT INTO TRANSCRIPT VALUES( N'IT1.220.3' , N'13' ,3 );
INSERT INTO TRANSCRIPT VALUES( N'IT1.220.3' , N'12' ,4 );
INSERT INTO TRANSCRIPT VALUES( N'IT1.220.3' , N'15' ,2 );
INSERT INTO TRANSCRIPT VALUES( N'IT1.220.3' , N'14' ,6 );
INSERT INTO TRANSCRIPT VALUES( N'IT1.220.3' , N'17' ,3 );
INSERT INTO TRANSCRIPT VALUES( N'IT1.220.3' , N'16' ,1 );
INSERT INTO TRANSCRIPT VALUES( N'IT1.220.3' , N'19' ,2 );
INSERT INTO TRANSCRIPT VALUES( N'IT1.220.3' , N'18' ,8 );
INSERT INTO TRANSCRIPT VALUES( N'IT1.220.3' , N'21' ,2 );
INSERT INTO TRANSCRIPT VALUES( N'IT1.220.3' , N'20' ,8 );
INSERT INTO TRANSCRIPT VALUES( N'IT1.220.3' , N'23' ,7 );
INSERT INTO TRANSCRIPT VALUES( N'IT1.220.3' , N'22' ,8 );
INSERT INTO TRANSCRIPT VALUES( N'IT1.220.3' , N'25' ,1 );
INSERT INTO TRANSCRIPT VALUES( N'IT1.220.3' , N'24' ,3 );
INSERT INTO TRANSCRIPT VALUES( N'IT1.220.3' , N'27' ,8 );
INSERT INTO TRANSCRIPT VALUES( N'IT1.220.3' , N'26' ,2 );
INSERT INTO TRANSCRIPT VALUES( N'IT1.220.3' , N'29' ,1 );
INSERT INTO TRANSCRIPT VALUES( N'IT1.220.3' , N'28' ,2 );
INSERT INTO TRANSCRIPT VALUES( N'IT1.220.3' , N'31' ,7 );
INSERT INTO TRANSCRIPT VALUES( N'IT1.220.3' , N'30' ,2 );
INSERT INTO TRANSCRIPT VALUES( N'IT1.220.3' , N'33' ,7 );
INSERT INTO TRANSCRIPT VALUES( N'IT1.220.3' , N'32' ,2 );
INSERT INTO TRANSCRIPT VALUES( N'IT1.220.3' , N'35' ,3 );
INSERT INTO TRANSCRIPT VALUES( N'IT1.220.3' , N'34' ,3 );
INSERT INTO TRANSCRIPT VALUES( N'IT1.220.3' , N'37' ,5 );
INSERT INTO TRANSCRIPT VALUES( N'IT1.220.3' , N'36' ,3 );
INSERT INTO TRANSCRIPT VALUES( N'IT1.220.3' , N'39' ,4 );
INSERT INTO TRANSCRIPT VALUES( N'IT1.220.3' , N'38' ,4 );
INSERT INTO TRANSCRIPT VALUES( N'IT1.220.3' , N'41' ,4 );
INSERT INTO TRANSCRIPT VALUES( N'IT1.220.3' , N'40' ,6 );
INSERT INTO TRANSCRIPT VALUES( N'IT1.220.3' , N'43' ,8 );
INSERT INTO TRANSCRIPT VALUES( N'IT1.220.3' , N'42' ,5 );
INSERT INTO TRANSCRIPT VALUES( N'IT1.220.3' , N'45' ,1 );
INSERT INTO TRANSCRIPT VALUES( N'IT1.220.3' , N'44' ,3 );
INSERT INTO TRANSCRIPT VALUES( N'IT1.220.3' , N'47' ,6 );
INSERT INTO TRANSCRIPT VALUES( N'IT1.220.3' , N'46' ,1 );
INSERT INTO TRANSCRIPT VALUES( N'IT1.220.3' , N'49' ,1 );
INSERT INTO TRANSCRIPT VALUES( N'IT1.220.3' , N'48' ,7 );
INSERT INTO TRANSCRIPT VALUES( N'IT1.220.3' , N'51' ,5 );
INSERT INTO TRANSCRIPT VALUES( N'IT1.220.3' , N'50' ,7 );
INSERT INTO TRANSCRIPT VALUES( N'IT1.220.3' , N'53' ,8 );
INSERT INTO TRANSCRIPT VALUES( N'IT1.220.3' , N'52' ,2 );
INSERT INTO TRANSCRIPT VALUES( N'IT1.220.3' , N'55' ,4 );
INSERT INTO TRANSCRIPT VALUES( N'IT1.220.3' , N'54' ,4 );
INSERT INTO TRANSCRIPT VALUES( N'IT1.220.3' , N'57' ,4 );
INSERT INTO TRANSCRIPT VALUES( N'IT1.220.3' , N'56' ,1 );
INSERT INTO TRANSCRIPT VALUES( N'IT1.220.3' , N'59' ,0 );
INSERT INTO TRANSCRIPT VALUES( N'IT1.220.3' , N'58' ,5 );
INSERT INTO TRANSCRIPT VALUES( N'IT1.220.3' , N'61' ,4 );
INSERT INTO TRANSCRIPT VALUES( N'IT1.220.3' , N'60' ,4 );
INSERT INTO TRANSCRIPT VALUES( N'IT1.220.3' , N'63' ,3 );
INSERT INTO TRANSCRIPT VALUES( N'IT1.220.3' , N'62' ,2 );
INSERT INTO TRANSCRIPT VALUES( N'IT1.220.3' , N'65' ,9 );
INSERT INTO TRANSCRIPT VALUES( N'IT1.220.3' , N'64' ,5 );
INSERT INTO TRANSCRIPT VALUES( N'IT1.220.3' , N'67' ,9 );
INSERT INTO TRANSCRIPT VALUES( N'IT1.220.3' , N'66' ,3 );
INSERT INTO TRANSCRIPT VALUES( N'IT1.220.3' , N'69' ,6 );
INSERT INTO TRANSCRIPT VALUES( N'IT1.220.3' , N'68' ,10 );
INSERT INTO TRANSCRIPT VALUES( N'IT1.222.3' , N'1' ,2 ); 
INSERT INTO TRANSCRIPT VALUES( N'IT1.220.3' , N'70' ,9 );
INSERT INTO TRANSCRIPT VALUES( N'IT1.222.3' , N'3' ,10 );
INSERT INTO TRANSCRIPT VALUES( N'IT1.222.3' , N'2' ,9 ); 
INSERT INTO TRANSCRIPT VALUES( N'IT1.222.3' , N'5' ,3 ); 
INSERT INTO TRANSCRIPT VALUES( N'IT1.222.3' , N'4' ,3 ); 
INSERT INTO TRANSCRIPT VALUES( N'IT1.222.3' , N'7' ,9 ); 
INSERT INTO TRANSCRIPT VALUES( N'IT1.222.3' , N'6' ,10 );
INSERT INTO TRANSCRIPT VALUES( N'IT1.222.3' , N'9' ,3 );
INSERT INTO TRANSCRIPT VALUES( N'IT1.222.3' , N'8' ,9 );
INSERT INTO TRANSCRIPT VALUES( N'IT1.222.3' , N'11' ,7 );
INSERT INTO TRANSCRIPT VALUES( N'IT1.222.3' , N'10' ,8 );
INSERT INTO TRANSCRIPT VALUES( N'IT1.222.3' , N'13' ,1 );
INSERT INTO TRANSCRIPT VALUES( N'IT1.222.3' , N'12' ,9 );
INSERT INTO TRANSCRIPT VALUES( N'IT1.222.3' , N'15' ,8 );
INSERT INTO TRANSCRIPT VALUES( N'IT1.222.3' , N'14' ,9 );
INSERT INTO TRANSCRIPT VALUES( N'IT1.222.3' , N'17' ,1 );
INSERT INTO TRANSCRIPT VALUES( N'IT1.222.3' , N'16' ,2 );
INSERT INTO TRANSCRIPT VALUES( N'IT1.222.3' , N'19' ,7 );
INSERT INTO TRANSCRIPT VALUES( N'IT1.222.3' , N'18' ,4 );
INSERT INTO TRANSCRIPT VALUES( N'IT1.222.3' , N'21' ,6 );
INSERT INTO TRANSCRIPT VALUES( N'IT1.222.3' , N'20' ,1 );
INSERT INTO TRANSCRIPT VALUES( N'IT1.222.3' , N'23' ,8 );
INSERT INTO TRANSCRIPT VALUES( N'IT1.222.3' , N'22' ,8 );
INSERT INTO TRANSCRIPT VALUES( N'IT1.222.3' , N'25' ,10 );
INSERT INTO TRANSCRIPT VALUES( N'IT1.222.3' , N'24' ,7 );
INSERT INTO TRANSCRIPT VALUES( N'IT1.222.3' , N'27' ,0 );
INSERT INTO TRANSCRIPT VALUES( N'IT1.222.3' , N'26' ,1 );
INSERT INTO TRANSCRIPT VALUES( N'IT1.222.3' , N'29' ,5 );
INSERT INTO TRANSCRIPT VALUES( N'IT1.222.3' , N'28' ,6 );
INSERT INTO TRANSCRIPT VALUES( N'IT1.222.3' , N'31' ,5 );
INSERT INTO TRANSCRIPT VALUES( N'IT1.222.3' , N'30' ,5 );
INSERT INTO TRANSCRIPT VALUES( N'IT1.222.3' , N'33' ,7 );
INSERT INTO TRANSCRIPT VALUES( N'IT1.222.3' , N'32' ,7 );
INSERT INTO TRANSCRIPT VALUES( N'IT1.222.3' , N'35' ,5 );
INSERT INTO TRANSCRIPT VALUES( N'IT1.222.3' , N'34' ,5 );
INSERT INTO TRANSCRIPT VALUES( N'IT1.222.3' , N'37' ,3 );
INSERT INTO TRANSCRIPT VALUES( N'IT1.222.3' , N'36' ,8 );
INSERT INTO TRANSCRIPT VALUES( N'IT1.222.3' , N'39' ,8 );
INSERT INTO TRANSCRIPT VALUES( N'IT1.222.3' , N'38' ,7 );
INSERT INTO TRANSCRIPT VALUES( N'IT1.222.3' , N'41' ,7 );
INSERT INTO TRANSCRIPT VALUES( N'IT1.222.3' , N'40' ,0 );
INSERT INTO TRANSCRIPT VALUES( N'IT1.222.3' , N'43' ,1 );
INSERT INTO TRANSCRIPT VALUES( N'IT1.222.3' , N'42' ,4 );
INSERT INTO TRANSCRIPT VALUES( N'IT1.222.3' , N'45' ,8 );
INSERT INTO TRANSCRIPT VALUES( N'IT1.222.3' , N'44' ,2 );
INSERT INTO TRANSCRIPT VALUES( N'IT1.222.3' , N'47' ,0 );
INSERT INTO TRANSCRIPT VALUES( N'IT1.222.3' , N'46' ,7 );
INSERT INTO TRANSCRIPT VALUES( N'IT1.222.3' , N'49' ,7 );
INSERT INTO TRANSCRIPT VALUES( N'IT1.222.3' , N'48' ,8 );
INSERT INTO TRANSCRIPT VALUES( N'IT1.222.3' , N'51' ,8 );
INSERT INTO TRANSCRIPT VALUES( N'IT1.222.3' , N'50' ,4 );
INSERT INTO TRANSCRIPT VALUES( N'IT1.222.3' , N'53' ,9 );
INSERT INTO TRANSCRIPT VALUES( N'IT1.222.3' , N'52' ,8 );
INSERT INTO TRANSCRIPT VALUES( N'IT1.222.3' , N'55' ,7 );
INSERT INTO TRANSCRIPT VALUES( N'IT1.222.3' , N'54' ,6 );
INSERT INTO TRANSCRIPT VALUES( N'IT1.222.3' , N'57' ,1 );
INSERT INTO TRANSCRIPT VALUES( N'IT1.222.3' , N'56' ,0 );
INSERT INTO TRANSCRIPT VALUES( N'IT1.222.3' , N'59' ,10 );
INSERT INTO TRANSCRIPT VALUES( N'IT1.222.3' , N'58' ,7 );
INSERT INTO TRANSCRIPT VALUES( N'IT1.222.3' , N'61' ,0 );
INSERT INTO TRANSCRIPT VALUES( N'IT1.222.3' , N'60' ,0 );
INSERT INTO TRANSCRIPT VALUES( N'IT1.222.3' , N'63' ,9 );
INSERT INTO TRANSCRIPT VALUES( N'IT1.222.3' , N'62' ,5 );
INSERT INTO TRANSCRIPT VALUES( N'IT1.222.3' , N'65' ,2 );
INSERT INTO TRANSCRIPT VALUES( N'IT1.222.3' , N'64' ,5 );
INSERT INTO TRANSCRIPT VALUES( N'IT1.222.3' , N'67' ,3 );
INSERT INTO TRANSCRIPT VALUES( N'IT1.222.3' , N'66' ,7 );
INSERT INTO TRANSCRIPT VALUES( N'IT1.222.3' , N'69' ,2 );
INSERT INTO TRANSCRIPT VALUES( N'IT1.222.3' , N'68' ,3 );
INSERT INTO TRANSCRIPT VALUES( N'BS0.101.3' , N'1' ,6 );
INSERT INTO TRANSCRIPT VALUES( N'IT1.222.3' , N'70' ,4 );
INSERT INTO TRANSCRIPT VALUES( N'BS0.101.3' , N'3' ,7 );
INSERT INTO TRANSCRIPT VALUES( N'BS0.101.3' , N'2' ,6 );
INSERT INTO TRANSCRIPT VALUES( N'BS0.101.3' , N'5' ,4 );
INSERT INTO TRANSCRIPT VALUES( N'BS0.101.3' , N'4' ,6 );
INSERT INTO TRANSCRIPT VALUES( N'BS0.101.3' , N'7' ,3 );
INSERT INTO TRANSCRIPT VALUES( N'BS0.101.3' , N'6' ,5 );
INSERT INTO TRANSCRIPT VALUES( N'BS0.101.3' , N'9' ,2 );
INSERT INTO TRANSCRIPT VALUES( N'BS0.101.3' , N'8' ,1 );
INSERT INTO TRANSCRIPT VALUES( N'BS0.101.3' , N'11' ,6 );
INSERT INTO TRANSCRIPT VALUES( N'BS0.101.3' , N'10' ,9 );
INSERT INTO TRANSCRIPT VALUES( N'BS0.101.3' , N'13' ,8 );
INSERT INTO TRANSCRIPT VALUES( N'BS0.101.3' , N'12' ,9 );
INSERT INTO TRANSCRIPT VALUES( N'BS0.101.3' , N'15' ,6 );
INSERT INTO TRANSCRIPT VALUES( N'BS0.101.3' , N'14' ,6 );
INSERT INTO TRANSCRIPT VALUES( N'BS0.101.3' , N'17' ,4 );
INSERT INTO TRANSCRIPT VALUES( N'BS0.101.3' , N'16' ,1 );
INSERT INTO TRANSCRIPT VALUES( N'BS0.101.3' , N'19' ,4 );
INSERT INTO TRANSCRIPT VALUES( N'BS0.101.3' , N'18' ,3 );
INSERT INTO TRANSCRIPT VALUES( N'BS0.101.3' , N'21' ,4 );
INSERT INTO TRANSCRIPT VALUES( N'BS0.101.3' , N'20' ,5 );
INSERT INTO TRANSCRIPT VALUES( N'BS0.101.3' , N'23' ,4 );
INSERT INTO TRANSCRIPT VALUES( N'BS0.101.3' , N'22' ,9 );
INSERT INTO TRANSCRIPT VALUES( N'BS0.101.3' , N'25' ,3 );
INSERT INTO TRANSCRIPT VALUES( N'BS0.101.3' , N'24' ,8 );
INSERT INTO TRANSCRIPT VALUES( N'BS0.101.3' , N'27' ,2 );
INSERT INTO TRANSCRIPT VALUES( N'BS0.101.3' , N'26' ,6 );
INSERT INTO TRANSCRIPT VALUES( N'BS0.101.3' , N'29' ,4 );
INSERT INTO TRANSCRIPT VALUES( N'BS0.101.3' , N'28' ,1 );
INSERT INTO TRANSCRIPT VALUES( N'BS0.101.3' , N'31' ,3 );
INSERT INTO TRANSCRIPT VALUES( N'BS0.101.3' , N'30' ,2 );
INSERT INTO TRANSCRIPT VALUES( N'BS0.101.3' , N'33' ,5 );
INSERT INTO TRANSCRIPT VALUES( N'BS0.101.3' , N'32' ,3 );
INSERT INTO TRANSCRIPT VALUES( N'BS0.101.3' , N'35' ,4 );
INSERT INTO TRANSCRIPT VALUES( N'BS0.101.3' , N'34' ,8 );
INSERT INTO TRANSCRIPT VALUES( N'BS0.101.3' , N'37' ,6 );
INSERT INTO TRANSCRIPT VALUES( N'BS0.101.3' , N'36' ,1 );
INSERT INTO TRANSCRIPT VALUES( N'BS0.101.3' , N'39' ,0 );
INSERT INTO TRANSCRIPT VALUES( N'BS0.101.3' , N'38' ,6 );
INSERT INTO TRANSCRIPT VALUES( N'BS0.101.3' , N'41' ,4 );
INSERT INTO TRANSCRIPT VALUES( N'BS0.101.3' , N'40' ,9 );
INSERT INTO TRANSCRIPT VALUES( N'BS0.101.3' , N'43' ,1 );
INSERT INTO TRANSCRIPT VALUES( N'BS0.101.3' , N'42' ,7 );
INSERT INTO TRANSCRIPT VALUES( N'BS0.101.3' , N'45' ,3 );
INSERT INTO TRANSCRIPT VALUES( N'BS0.101.3' , N'44' ,8 );
INSERT INTO TRANSCRIPT VALUES( N'BS0.101.3' , N'47' ,2 );
INSERT INTO TRANSCRIPT VALUES( N'BS0.101.3' , N'46' ,5 );
INSERT INTO TRANSCRIPT VALUES( N'BS0.101.3' , N'49' ,7 );
INSERT INTO TRANSCRIPT VALUES( N'BS0.101.3' , N'48' ,2 );
INSERT INTO TRANSCRIPT VALUES( N'BS0.101.3' , N'51' ,8 );
INSERT INTO TRANSCRIPT VALUES( N'BS0.101.3' , N'50' ,3 );
INSERT INTO TRANSCRIPT VALUES( N'BS0.101.3' , N'53' ,8 );
INSERT INTO TRANSCRIPT VALUES( N'BS0.101.3' , N'52' ,1 );
INSERT INTO TRANSCRIPT VALUES( N'BS0.101.3' , N'55' ,7 );
INSERT INTO TRANSCRIPT VALUES( N'BS0.101.3' , N'54' ,6 );
INSERT INTO TRANSCRIPT VALUES( N'BS0.101.3' , N'57' ,9 );
INSERT INTO TRANSCRIPT VALUES( N'BS0.101.3' , N'56' ,5 );
INSERT INTO TRANSCRIPT VALUES( N'BS0.101.3' , N'59' ,10 );
INSERT INTO TRANSCRIPT VALUES( N'BS0.101.3' , N'58' ,3 );
INSERT INTO TRANSCRIPT VALUES( N'BS0.101.3' , N'61' ,5 );
INSERT INTO TRANSCRIPT VALUES( N'BS0.101.3' , N'60' ,9 );
INSERT INTO TRANSCRIPT VALUES( N'BS0.101.3' , N'63' ,8 );
INSERT INTO TRANSCRIPT VALUES( N'BS0.101.3' , N'62' ,4 );
INSERT INTO TRANSCRIPT VALUES( N'BS0.101.3' , N'65' ,0 );
INSERT INTO TRANSCRIPT VALUES( N'BS0.101.3' , N'64' ,2 );
INSERT INTO TRANSCRIPT VALUES( N'BS0.101.3' , N'67' ,3 );
INSERT INTO TRANSCRIPT VALUES( N'BS0.101.3' , N'66' ,4 );
INSERT INTO TRANSCRIPT VALUES( N'BS0.101.3' , N'69' ,7 );
INSERT INTO TRANSCRIPT VALUES( N'BS0.101.3' , N'68' ,9 );
INSERT INTO TRANSCRIPT VALUES( N'BS0.103.3' , N'1' ,4 ); 
INSERT INTO TRANSCRIPT VALUES( N'BS0.101.3' , N'70' ,2 );
INSERT INTO TRANSCRIPT VALUES( N'BS0.103.3' , N'3' ,4 ); 
INSERT INTO TRANSCRIPT VALUES( N'BS0.103.3' , N'2' ,1 ); 
INSERT INTO TRANSCRIPT VALUES( N'BS0.103.3' , N'5' ,7 ); 
INSERT INTO TRANSCRIPT VALUES( N'BS0.103.3' , N'4' ,9 ); 
INSERT INTO TRANSCRIPT VALUES( N'BS0.103.3' , N'7' ,10 );
INSERT INTO TRANSCRIPT VALUES( N'BS0.103.3' , N'6' ,0 ); 
INSERT INTO TRANSCRIPT VALUES( N'BS0.103.3' , N'9' ,8 );
INSERT INTO TRANSCRIPT VALUES( N'BS0.103.3' , N'8' ,2 );
INSERT INTO TRANSCRIPT VALUES( N'BS0.103.3' , N'11' ,9 );
INSERT INTO TRANSCRIPT VALUES( N'BS0.103.3' , N'10' ,6 );
INSERT INTO TRANSCRIPT VALUES( N'BS0.103.3' , N'13' ,7 );
INSERT INTO TRANSCRIPT VALUES( N'BS0.103.3' , N'12' ,10 );
INSERT INTO TRANSCRIPT VALUES( N'BS0.103.3' , N'15' ,8 );
INSERT INTO TRANSCRIPT VALUES( N'BS0.103.3' , N'14' ,2 );
INSERT INTO TRANSCRIPT VALUES( N'BS0.103.3' , N'17' ,4 );
INSERT INTO TRANSCRIPT VALUES( N'BS0.103.3' , N'16' ,8 );
INSERT INTO TRANSCRIPT VALUES( N'BS0.103.3' , N'19' ,7 );
INSERT INTO TRANSCRIPT VALUES( N'BS0.103.3' , N'18' ,4 );
INSERT INTO TRANSCRIPT VALUES( N'BS0.103.3' , N'21' ,6 );
INSERT INTO TRANSCRIPT VALUES( N'BS0.103.3' , N'20' ,3 );
INSERT INTO TRANSCRIPT VALUES( N'BS0.103.3' , N'23' ,0 );
INSERT INTO TRANSCRIPT VALUES( N'BS0.103.3' , N'22' ,2 );
INSERT INTO TRANSCRIPT VALUES( N'BS0.103.3' , N'25' ,9 );
INSERT INTO TRANSCRIPT VALUES( N'BS0.103.3' , N'24' ,6 );
INSERT INTO TRANSCRIPT VALUES( N'BS0.103.3' , N'27' ,0 );
INSERT INTO TRANSCRIPT VALUES( N'BS0.103.3' , N'26' ,2 );
INSERT INTO TRANSCRIPT VALUES( N'BS0.103.3' , N'29' ,3 );
INSERT INTO TRANSCRIPT VALUES( N'BS0.103.3' , N'28' ,8 );
INSERT INTO TRANSCRIPT VALUES( N'BS0.103.3' , N'31' ,9 );
INSERT INTO TRANSCRIPT VALUES( N'BS0.103.3' , N'30' ,7 );
INSERT INTO TRANSCRIPT VALUES( N'BS0.103.3' , N'33' ,10 );
INSERT INTO TRANSCRIPT VALUES( N'BS0.103.3' , N'32' ,1 );
INSERT INTO TRANSCRIPT VALUES( N'BS0.103.3' , N'35' ,3 );
INSERT INTO TRANSCRIPT VALUES( N'BS0.103.3' , N'34' ,8 );
INSERT INTO TRANSCRIPT VALUES( N'BS0.103.3' , N'37' ,5 );
INSERT INTO TRANSCRIPT VALUES( N'BS0.103.3' , N'36' ,1 );
INSERT INTO TRANSCRIPT VALUES( N'BS0.103.3' , N'39' ,4 );
INSERT INTO TRANSCRIPT VALUES( N'BS0.103.3' , N'38' ,6 );
INSERT INTO TRANSCRIPT VALUES( N'BS0.103.3' , N'41' ,9 );
INSERT INTO TRANSCRIPT VALUES( N'BS0.103.3' , N'40' ,3 );
INSERT INTO TRANSCRIPT VALUES( N'BS0.103.3' , N'43' ,2 );
INSERT INTO TRANSCRIPT VALUES( N'BS0.103.3' , N'42' ,2 );
INSERT INTO TRANSCRIPT VALUES( N'BS0.103.3' , N'45' ,1 );
INSERT INTO TRANSCRIPT VALUES( N'BS0.103.3' , N'44' ,7 );
INSERT INTO TRANSCRIPT VALUES( N'BS0.103.3' , N'47' ,10 );
INSERT INTO TRANSCRIPT VALUES( N'BS0.103.3' , N'46' ,9 );
INSERT INTO TRANSCRIPT VALUES( N'BS0.103.3' , N'49' ,9 );
INSERT INTO TRANSCRIPT VALUES( N'BS0.103.3' , N'48' ,5 );
INSERT INTO TRANSCRIPT VALUES( N'BS0.103.3' , N'51' ,3 );
INSERT INTO TRANSCRIPT VALUES( N'BS0.103.3' , N'50' ,9 );
INSERT INTO TRANSCRIPT VALUES( N'BS0.103.3' , N'53' ,2 );
INSERT INTO TRANSCRIPT VALUES( N'BS0.103.3' , N'52' ,8 );
INSERT INTO TRANSCRIPT VALUES( N'BS0.103.3' , N'55' ,9 );
INSERT INTO TRANSCRIPT VALUES( N'BS0.103.3' , N'54' ,10 );
INSERT INTO TRANSCRIPT VALUES( N'BS0.103.3' , N'57' ,8 );
INSERT INTO TRANSCRIPT VALUES( N'BS0.103.3' , N'56' ,9 );
INSERT INTO TRANSCRIPT VALUES( N'BS0.103.3' , N'59' ,6 );
INSERT INTO TRANSCRIPT VALUES( N'BS0.103.3' , N'58' ,4 );
INSERT INTO TRANSCRIPT VALUES( N'BS0.103.3' , N'61' ,2 );
INSERT INTO TRANSCRIPT VALUES( N'BS0.103.3' , N'60' ,6 );
INSERT INTO TRANSCRIPT VALUES( N'BS0.103.3' , N'63' ,2 );
INSERT INTO TRANSCRIPT VALUES( N'BS0.103.3' , N'62' ,9 );
INSERT INTO TRANSCRIPT VALUES( N'BS0.103.3' , N'65' ,8 );
INSERT INTO TRANSCRIPT VALUES( N'BS0.103.3' , N'64' ,9 );
INSERT INTO TRANSCRIPT VALUES( N'BS0.103.3' , N'67' ,10 );
INSERT INTO TRANSCRIPT VALUES( N'BS0.103.3' , N'66' ,6 );
INSERT INTO TRANSCRIPT VALUES( N'BS0.103.3' , N'69' ,8 );
INSERT INTO TRANSCRIPT VALUES( N'BS0.103.3' , N'68' ,7 );
INSERT INTO TRANSCRIPT VALUES( N'BS0.001.2.1' , N'1' ,7 );
INSERT INTO TRANSCRIPT VALUES( N'BS0.103.3' , N'70' ,3 );
INSERT INTO TRANSCRIPT VALUES( N'BS0.001.2.1' , N'3' ,9 );
INSERT INTO TRANSCRIPT VALUES( N'BS0.001.2.1' , N'2' ,8 );
INSERT INTO TRANSCRIPT VALUES( N'BS0.001.2.1' , N'5' ,0 );
INSERT INTO TRANSCRIPT VALUES( N'BS0.001.2.1' , N'4' ,4 );
INSERT INTO TRANSCRIPT VALUES( N'BS0.001.2.1' , N'7' ,5 );
INSERT INTO TRANSCRIPT VALUES( N'BS0.001.2.1' , N'6' ,7 );
INSERT INTO TRANSCRIPT VALUES( N'BS0.001.2.1' , N'9' ,1 );
INSERT INTO TRANSCRIPT VALUES( N'BS0.001.2.1' , N'8' ,4 );
INSERT INTO TRANSCRIPT VALUES( N'BS0.001.2.1' , N'11' ,0 );
INSERT INTO TRANSCRIPT VALUES( N'BS0.001.2.1' , N'10' ,3 );
INSERT INTO TRANSCRIPT VALUES( N'BS0.001.2.1' , N'13' ,6 );
INSERT INTO TRANSCRIPT VALUES( N'BS0.001.2.1' , N'12' ,3 );
INSERT INTO TRANSCRIPT VALUES( N'BS0.001.2.1' , N'15' ,8 );
INSERT INTO TRANSCRIPT VALUES( N'BS0.001.2.1' , N'14' ,1 );
INSERT INTO TRANSCRIPT VALUES( N'BS0.001.2.1' , N'17' ,8 );
INSERT INTO TRANSCRIPT VALUES( N'BS0.001.2.1' , N'16' ,2 );
INSERT INTO TRANSCRIPT VALUES( N'BS0.001.2.1' , N'19' ,7 );
INSERT INTO TRANSCRIPT VALUES( N'BS0.001.2.1' , N'18' ,9 );
INSERT INTO TRANSCRIPT VALUES( N'BS0.001.2.1' , N'21' ,2 );
INSERT INTO TRANSCRIPT VALUES( N'BS0.001.2.1' , N'20' ,1 );
INSERT INTO TRANSCRIPT VALUES( N'BS0.001.2.1' , N'23' ,5 );
INSERT INTO TRANSCRIPT VALUES( N'BS0.001.2.1' , N'22' ,2 );
INSERT INTO TRANSCRIPT VALUES( N'BS0.001.2.1' , N'25' ,10 );
INSERT INTO TRANSCRIPT VALUES( N'BS0.001.2.1' , N'24' ,7 );
INSERT INTO TRANSCRIPT VALUES( N'BS0.001.2.1' , N'27' ,9 );
INSERT INTO TRANSCRIPT VALUES( N'BS0.001.2.1' , N'26' ,6 );
INSERT INTO TRANSCRIPT VALUES( N'BS0.001.2.1' , N'29' ,9 );
INSERT INTO TRANSCRIPT VALUES( N'BS0.001.2.1' , N'28' ,5 );
INSERT INTO TRANSCRIPT VALUES( N'BS0.001.2.1' , N'31' ,0 );
INSERT INTO TRANSCRIPT VALUES( N'BS0.001.2.1' , N'30' ,7 );
INSERT INTO TRANSCRIPT VALUES( N'BS0.001.2.1' , N'33' ,1 );
INSERT INTO TRANSCRIPT VALUES( N'BS0.001.2.1' , N'32' ,7 );
INSERT INTO TRANSCRIPT VALUES( N'BS0.001.2.1' , N'35' ,10 );
INSERT INTO TRANSCRIPT VALUES( N'BS0.001.2.1' , N'34' ,5 );
INSERT INTO TRANSCRIPT VALUES( N'BS0.001.2.2' , N'2' ,2 );
INSERT INTO TRANSCRIPT VALUES( N'BS0.001.2.2' , N'1' ,4 );
INSERT INTO TRANSCRIPT VALUES( N'BS0.001.2.2' , N'4' ,8 );
INSERT INTO TRANSCRIPT VALUES( N'BS0.001.2.2' , N'3' ,4 );
INSERT INTO TRANSCRIPT VALUES( N'BS0.001.2.2' , N'6' ,0 );
INSERT INTO TRANSCRIPT VALUES( N'BS0.001.2.2' , N'5' ,6 );
INSERT INTO TRANSCRIPT VALUES( N'BS0.001.2.2' , N'8' ,5 );
INSERT INTO TRANSCRIPT VALUES( N'BS0.001.2.2' , N'7' ,5 );
INSERT INTO TRANSCRIPT VALUES( N'BS0.001.2.2' , N'10' ,5 );
INSERT INTO TRANSCRIPT VALUES( N'BS0.001.2.2' , N'9' ,6 );
INSERT INTO TRANSCRIPT VALUES( N'BS0.001.2.2' , N'12' ,8 );
INSERT INTO TRANSCRIPT VALUES( N'BS0.001.2.2' , N'11' ,6 );
INSERT INTO TRANSCRIPT VALUES( N'BS0.001.2.2' , N'14' ,5 );
INSERT INTO TRANSCRIPT VALUES( N'BS0.001.2.2' , N'13' ,0 );
INSERT INTO TRANSCRIPT VALUES( N'BS0.001.2.2' , N'16' ,0 );
INSERT INTO TRANSCRIPT VALUES( N'BS0.001.2.2' , N'15' ,3 );
INSERT INTO TRANSCRIPT VALUES( N'BS0.001.2.2' , N'18' ,9 );
INSERT INTO TRANSCRIPT VALUES( N'BS0.001.2.2' , N'17' ,9 );
INSERT INTO TRANSCRIPT VALUES( N'BS0.001.2.2' , N'20' ,1 );
INSERT INTO TRANSCRIPT VALUES( N'BS0.001.2.2' , N'19' ,2 );
INSERT INTO TRANSCRIPT VALUES( N'BS0.001.2.2' , N'22' ,0 );
INSERT INTO TRANSCRIPT VALUES( N'BS0.001.2.2' , N'21' ,8 );
INSERT INTO TRANSCRIPT VALUES( N'BS0.001.2.2' , N'24' ,2 );
INSERT INTO TRANSCRIPT VALUES( N'BS0.001.2.2' , N'23' ,2 );
INSERT INTO TRANSCRIPT VALUES( N'BS0.001.2.2' , N'26' ,2 );
INSERT INTO TRANSCRIPT VALUES( N'BS0.001.2.2' , N'25' ,6 );
INSERT INTO TRANSCRIPT VALUES( N'BS0.001.2.2' , N'28' ,7 );
INSERT INTO TRANSCRIPT VALUES( N'BS0.001.2.2' , N'27' ,10 );
INSERT INTO TRANSCRIPT VALUES( N'BS0.001.2.2' , N'30' ,3 );
INSERT INTO TRANSCRIPT VALUES( N'BS0.001.2.2' , N'29' ,3 );
INSERT INTO TRANSCRIPT VALUES( N'BS0.001.2.2' , N'32' ,9 );
INSERT INTO TRANSCRIPT VALUES( N'BS0.001.2.2' , N'31' ,2 );
INSERT INTO TRANSCRIPT VALUES( N'BS0.001.2.2' , N'34' ,2 );
INSERT INTO TRANSCRIPT VALUES( N'BS0.001.2.2' , N'33' ,3 );
INSERT INTO TRANSCRIPT VALUES( N'BS0.002.2.1' , N'1' ,7 );
INSERT INTO TRANSCRIPT VALUES( N'BS0.001.2.2' , N'35' ,0 );
INSERT INTO TRANSCRIPT VALUES( N'BS0.002.2.1' , N'3' ,5 );
INSERT INTO TRANSCRIPT VALUES( N'BS0.002.2.1' , N'2' ,4 );
INSERT INTO TRANSCRIPT VALUES( N'BS0.002.2.1' , N'5' ,9 );
INSERT INTO TRANSCRIPT VALUES( N'BS0.002.2.1' , N'4' ,4 );
INSERT INTO TRANSCRIPT VALUES( N'BS0.002.2.1' , N'7' ,3 );
INSERT INTO TRANSCRIPT VALUES( N'BS0.002.2.1' , N'6' ,6 );
INSERT INTO TRANSCRIPT VALUES( N'BS0.002.2.1' , N'9' ,0 );
INSERT INTO TRANSCRIPT VALUES( N'BS0.002.2.1' , N'8' ,7 );
INSERT INTO TRANSCRIPT VALUES( N'BS0.002.2.1' , N'11' ,1 );
INSERT INTO TRANSCRIPT VALUES( N'BS0.002.2.1' , N'10' ,1 );
INSERT INTO TRANSCRIPT VALUES( N'BS0.002.2.1' , N'13' ,6 );
INSERT INTO TRANSCRIPT VALUES( N'BS0.002.2.1' , N'12' ,1 );
INSERT INTO TRANSCRIPT VALUES( N'BS0.002.2.1' , N'15' ,8 );
INSERT INTO TRANSCRIPT VALUES( N'BS0.002.2.1' , N'14' ,7 );
INSERT INTO TRANSCRIPT VALUES( N'BS0.002.2.1' , N'17' ,2 );
INSERT INTO TRANSCRIPT VALUES( N'BS0.002.2.1' , N'16' ,0 );
INSERT INTO TRANSCRIPT VALUES( N'BS0.002.2.1' , N'19' ,10 );
INSERT INTO TRANSCRIPT VALUES( N'BS0.002.2.1' , N'18' ,4 );
INSERT INTO TRANSCRIPT VALUES( N'BS0.002.2.1' , N'21' ,1 );
INSERT INTO TRANSCRIPT VALUES( N'BS0.002.2.1' , N'20' ,3 );
INSERT INTO TRANSCRIPT VALUES( N'BS0.002.2.1' , N'23' ,7 );
INSERT INTO TRANSCRIPT VALUES( N'BS0.002.2.1' , N'22' ,5 );
INSERT INTO TRANSCRIPT VALUES( N'BS0.002.2.1' , N'25' ,4 );
INSERT INTO TRANSCRIPT VALUES( N'BS0.002.2.1' , N'24' ,7 );
INSERT INTO TRANSCRIPT VALUES( N'BS0.002.2.1' , N'27' ,7 );
INSERT INTO TRANSCRIPT VALUES( N'BS0.002.2.1' , N'26' ,8 );
INSERT INTO TRANSCRIPT VALUES( N'BS0.002.2.1' , N'29' ,5 );
INSERT INTO TRANSCRIPT VALUES( N'BS0.002.2.1' , N'28' ,1 );
INSERT INTO TRANSCRIPT VALUES( N'BS0.002.2.1' , N'31' ,7 );
INSERT INTO TRANSCRIPT VALUES( N'BS0.002.2.1' , N'30' ,8 );
INSERT INTO TRANSCRIPT VALUES( N'BS0.002.2.1' , N'33' ,7 );
INSERT INTO TRANSCRIPT VALUES( N'BS0.002.2.1' , N'32' ,1 );
INSERT INTO TRANSCRIPT VALUES( N'BS0.002.2.1' , N'35' ,1 );
INSERT INTO TRANSCRIPT VALUES( N'BS0.002.2.1' , N'34' ,4 );
INSERT INTO TRANSCRIPT VALUES( N'BS0.002.2.2' , N'2' ,4 );
INSERT INTO TRANSCRIPT VALUES( N'BS0.002.2.2' , N'1' ,3 );
INSERT INTO TRANSCRIPT VALUES( N'BS0.002.2.2' , N'4' ,0 );
INSERT INTO TRANSCRIPT VALUES( N'BS0.002.2.2' , N'3' ,1 );
INSERT INTO TRANSCRIPT VALUES( N'BS0.002.2.2' , N'6' ,6 );
INSERT INTO TRANSCRIPT VALUES( N'BS0.002.2.2' , N'5' ,3 );
INSERT INTO TRANSCRIPT VALUES( N'BS0.002.2.2' , N'8' ,6 );
INSERT INTO TRANSCRIPT VALUES( N'BS0.002.2.2' , N'7' ,3 );
INSERT INTO TRANSCRIPT VALUES( N'BS0.002.2.2' , N'10' ,7 );
INSERT INTO TRANSCRIPT VALUES( N'BS0.002.2.2' , N'9' ,7 );
INSERT INTO TRANSCRIPT VALUES( N'BS0.002.2.2' , N'12' ,9 );
INSERT INTO TRANSCRIPT VALUES( N'BS0.002.2.2' , N'11' ,5 );
INSERT INTO TRANSCRIPT VALUES( N'BS0.002.2.2' , N'14' ,8 );
INSERT INTO TRANSCRIPT VALUES( N'BS0.002.2.2' , N'13' ,6 );
INSERT INTO TRANSCRIPT VALUES( N'BS0.002.2.2' , N'16' ,7 );
INSERT INTO TRANSCRIPT VALUES( N'BS0.002.2.2' , N'15' ,8 );
INSERT INTO TRANSCRIPT VALUES( N'BS0.002.2.2' , N'18' ,5 );
INSERT INTO TRANSCRIPT VALUES( N'BS0.002.2.2' , N'17' ,9 );
INSERT INTO TRANSCRIPT VALUES( N'BS0.002.2.2' , N'20' ,0 );
INSERT INTO TRANSCRIPT VALUES( N'BS0.002.2.2' , N'19' ,8 );
INSERT INTO TRANSCRIPT VALUES( N'BS0.002.2.2' , N'22' ,7 );
INSERT INTO TRANSCRIPT VALUES( N'BS0.002.2.2' , N'21' ,3 );
INSERT INTO TRANSCRIPT VALUES( N'BS0.002.2.2' , N'24' ,1 );
INSERT INTO TRANSCRIPT VALUES( N'BS0.002.2.2' , N'23' ,3 );
INSERT INTO TRANSCRIPT VALUES( N'BS0.002.2.2' , N'26' ,2 );
INSERT INTO TRANSCRIPT VALUES( N'BS0.002.2.2' , N'25' ,1 );
INSERT INTO TRANSCRIPT VALUES( N'BS0.002.2.2' , N'28' ,2 );
INSERT INTO TRANSCRIPT VALUES( N'BS0.002.2.2' , N'27' ,10 );
INSERT INTO TRANSCRIPT VALUES( N'BS0.002.2.2' , N'30' ,3 );
INSERT INTO TRANSCRIPT VALUES( N'BS0.002.2.2' , N'29' ,6 );
INSERT INTO TRANSCRIPT VALUES( N'BS0.002.2.2' , N'32' ,8 );
INSERT INTO TRANSCRIPT VALUES( N'BS0.002.2.2' , N'31' ,2 );
INSERT INTO TRANSCRIPT VALUES( N'BS0.002.2.2' , N'34' ,4 );
INSERT INTO TRANSCRIPT VALUES( N'BS0.002.2.2' , N'33' ,10 );
INSERT INTO TRANSCRIPT VALUES( N'PE0.001.1' , N'1' ,3 );
INSERT INTO TRANSCRIPT VALUES( N'BS0.002.2.2' , N'35' ,1 );
INSERT INTO TRANSCRIPT VALUES( N'PE0.001.1' , N'3' ,7 );
INSERT INTO TRANSCRIPT VALUES( N'PE0.001.1' , N'2' ,2 );
INSERT INTO TRANSCRIPT VALUES( N'PE0.001.1' , N'5' ,3 );
INSERT INTO TRANSCRIPT VALUES( N'PE0.001.1' , N'4' ,0 );
INSERT INTO TRANSCRIPT VALUES( N'PE0.001.1' , N'7' ,1 );
INSERT INTO TRANSCRIPT VALUES( N'PE0.001.1' , N'6' ,3 );
INSERT INTO TRANSCRIPT VALUES( N'PE0.001.1' , N'9' ,8 );
INSERT INTO TRANSCRIPT VALUES( N'PE0.001.1' , N'8' ,10 );
INSERT INTO TRANSCRIPT VALUES( N'PE0.001.1' , N'11' ,3 );
INSERT INTO TRANSCRIPT VALUES( N'PE0.001.1' , N'10' ,4 );
INSERT INTO TRANSCRIPT VALUES( N'PE0.001.1' , N'13' ,5 );
INSERT INTO TRANSCRIPT VALUES( N'PE0.001.1' , N'12' ,1 );
INSERT INTO TRANSCRIPT VALUES( N'PE0.001.1' , N'15' ,5 );
INSERT INTO TRANSCRIPT VALUES( N'PE0.001.1' , N'14' ,8 );
INSERT INTO TRANSCRIPT VALUES( N'PE0.001.1' , N'17' ,6 );
INSERT INTO TRANSCRIPT VALUES( N'PE0.001.1' , N'16' ,4 );
INSERT INTO TRANSCRIPT VALUES( N'PE0.001.1' , N'19' ,9 );
INSERT INTO TRANSCRIPT VALUES( N'PE0.001.1' , N'18' ,1 );
INSERT INTO TRANSCRIPT VALUES( N'PE0.001.1' , N'21' ,1 );
INSERT INTO TRANSCRIPT VALUES( N'PE0.001.1' , N'20' ,6 );
INSERT INTO TRANSCRIPT VALUES( N'PE0.001.1' , N'23' ,3 );
INSERT INTO TRANSCRIPT VALUES( N'PE0.001.1' , N'22' ,1 );
INSERT INTO TRANSCRIPT VALUES( N'PE0.001.1' , N'25' ,3 );
INSERT INTO TRANSCRIPT VALUES( N'PE0.001.1' , N'24' ,5 );
INSERT INTO TRANSCRIPT VALUES( N'PE0.001.1' , N'27' ,8 );
INSERT INTO TRANSCRIPT VALUES( N'PE0.001.1' , N'26' ,8 );
INSERT INTO TRANSCRIPT VALUES( N'PE0.001.1' , N'29' ,10 );
INSERT INTO TRANSCRIPT VALUES( N'PE0.001.1' , N'28' ,1 );
INSERT INTO TRANSCRIPT VALUES( N'PE0.001.1' , N'31' ,6 );
INSERT INTO TRANSCRIPT VALUES( N'PE0.001.1' , N'30' ,9 );
INSERT INTO TRANSCRIPT VALUES( N'PE0.001.1' , N'33' ,7 );
INSERT INTO TRANSCRIPT VALUES( N'PE0.001.1' , N'32' ,6 );
INSERT INTO TRANSCRIPT VALUES( N'PE0.001.1' , N'35' ,6 );
INSERT INTO TRANSCRIPT VALUES( N'PE0.001.1' , N'34' ,9 );
INSERT INTO TRANSCRIPT VALUES( N'PE0.001.1' , N'37' ,9 );
INSERT INTO TRANSCRIPT VALUES( N'PE0.001.1' , N'36' ,6 );
INSERT INTO TRANSCRIPT VALUES( N'PE0.001.1' , N'39' ,2 );
INSERT INTO TRANSCRIPT VALUES( N'PE0.001.1' , N'38' ,8 );
INSERT INTO TRANSCRIPT VALUES( N'PE0.001.1' , N'41' ,6 );
INSERT INTO TRANSCRIPT VALUES( N'PE0.001.1' , N'40' ,0 );
INSERT INTO TRANSCRIPT VALUES( N'PE0.001.1' , N'43' ,5 );
INSERT INTO TRANSCRIPT VALUES( N'PE0.001.1' , N'42' ,6 );
INSERT INTO TRANSCRIPT VALUES( N'PE0.001.1' , N'45' ,9 );
INSERT INTO TRANSCRIPT VALUES( N'PE0.001.1' , N'44' ,3 );
INSERT INTO TRANSCRIPT VALUES( N'PE0.002.1' , N'2' ,2 );
INSERT INTO TRANSCRIPT VALUES( N'PE0.002.1' , N'1' ,6 );
INSERT INTO TRANSCRIPT VALUES( N'PE0.002.1' , N'4' ,0 );
INSERT INTO TRANSCRIPT VALUES( N'PE0.002.1' , N'3' ,2 );
INSERT INTO TRANSCRIPT VALUES( N'PE0.002.1' , N'6' ,6 );
INSERT INTO TRANSCRIPT VALUES( N'PE0.002.1' , N'5' ,6 );
INSERT INTO TRANSCRIPT VALUES( N'PE0.002.1' , N'8' ,8 );
INSERT INTO TRANSCRIPT VALUES( N'PE0.002.1' , N'7' ,3 );
INSERT INTO TRANSCRIPT VALUES( N'PE0.002.1' , N'10' ,8 );
INSERT INTO TRANSCRIPT VALUES( N'PE0.002.1' , N'9' ,1 );
INSERT INTO TRANSCRIPT VALUES( N'PE0.002.1' , N'12' ,6 );
INSERT INTO TRANSCRIPT VALUES( N'PE0.002.1' , N'11' ,9 );
INSERT INTO TRANSCRIPT VALUES( N'PE0.002.1' , N'14' ,5 );
INSERT INTO TRANSCRIPT VALUES( N'PE0.002.1' , N'13' ,1 );
INSERT INTO TRANSCRIPT VALUES( N'PE0.002.1' , N'16' ,7 );
INSERT INTO TRANSCRIPT VALUES( N'PE0.002.1' , N'15' ,6 );
INSERT INTO TRANSCRIPT VALUES( N'PE0.002.1' , N'18' ,3 );
INSERT INTO TRANSCRIPT VALUES( N'PE0.002.1' , N'17' ,3 );
INSERT INTO TRANSCRIPT VALUES( N'PE0.002.1' , N'20' ,2 );
INSERT INTO TRANSCRIPT VALUES( N'PE0.002.1' , N'19' ,2 );
INSERT INTO TRANSCRIPT VALUES( N'PE0.002.1' , N'22' ,7 );
INSERT INTO TRANSCRIPT VALUES( N'PE0.002.1' , N'21' ,8 );
INSERT INTO TRANSCRIPT VALUES( N'PE0.002.1' , N'24' ,7 );
INSERT INTO TRANSCRIPT VALUES( N'PE0.002.1' , N'23' ,0 );
INSERT INTO TRANSCRIPT VALUES( N'PE0.002.1' , N'26' ,2 );
INSERT INTO TRANSCRIPT VALUES( N'PE0.002.1' , N'25' ,7 );
INSERT INTO TRANSCRIPT VALUES( N'PE0.002.1' , N'28' ,6 );
INSERT INTO TRANSCRIPT VALUES( N'PE0.002.1' , N'27' ,9 );
INSERT INTO TRANSCRIPT VALUES( N'PE0.002.1' , N'30' ,2 );
INSERT INTO TRANSCRIPT VALUES( N'PE0.002.1' , N'29' ,2 );
INSERT INTO TRANSCRIPT VALUES( N'PE0.002.1' , N'32' ,3 );
INSERT INTO TRANSCRIPT VALUES( N'PE0.002.1' , N'31' ,4 );
INSERT INTO TRANSCRIPT VALUES( N'PE0.002.1' , N'34' ,0 );
INSERT INTO TRANSCRIPT VALUES( N'PE0.002.1' , N'33' ,1 );
INSERT INTO TRANSCRIPT VALUES( N'PE0.002.1' , N'36' ,4 );
INSERT INTO TRANSCRIPT VALUES( N'PE0.002.1' , N'35' ,0 );
INSERT INTO TRANSCRIPT VALUES( N'PE0.002.1' , N'38' ,6 );
INSERT INTO TRANSCRIPT VALUES( N'PE0.002.1' , N'37' ,2 );
INSERT INTO TRANSCRIPT VALUES( N'PE0.002.1' , N'40' ,5 );
INSERT INTO TRANSCRIPT VALUES( N'PE0.002.1' , N'39' ,3 );
INSERT INTO TRANSCRIPT VALUES( N'PE0.002.1' , N'42' ,8 );
INSERT INTO TRANSCRIPT VALUES( N'PE0.002.1' , N'41' ,3 );
INSERT INTO TRANSCRIPT VALUES( N'PE0.002.1' , N'44' ,9 );
INSERT INTO TRANSCRIPT VALUES( N'PE0.002.1' , N'43' ,10 );
INSERT INTO TRANSCRIPT VALUES( N'PE0.003.1' , N'1' ,3 );
INSERT INTO TRANSCRIPT VALUES( N'PE0.002.1' , N'45' ,5 );
INSERT INTO TRANSCRIPT VALUES( N'PE0.003.1' , N'3' ,3 );
INSERT INTO TRANSCRIPT VALUES( N'PE0.003.1' , N'2' ,3 );
INSERT INTO TRANSCRIPT VALUES( N'PE0.003.1' , N'5' ,7 );
INSERT INTO TRANSCRIPT VALUES( N'PE0.003.1' , N'4' ,0 );
INSERT INTO TRANSCRIPT VALUES( N'PE0.003.1' , N'7' ,0 );
INSERT INTO TRANSCRIPT VALUES( N'PE0.003.1' , N'6' ,6 );
INSERT INTO TRANSCRIPT VALUES( N'PE0.003.1' , N'9' ,2 );
INSERT INTO TRANSCRIPT VALUES( N'PE0.003.1' , N'8' ,0 );
INSERT INTO TRANSCRIPT VALUES( N'PE0.003.1' , N'11' ,10 );
INSERT INTO TRANSCRIPT VALUES( N'PE0.003.1' , N'10' ,1 );
INSERT INTO TRANSCRIPT VALUES( N'PE0.003.1' , N'13' ,9 );
INSERT INTO TRANSCRIPT VALUES( N'PE0.003.1' , N'12' ,1 );
INSERT INTO TRANSCRIPT VALUES( N'PE0.003.1' , N'15' ,4 );
INSERT INTO TRANSCRIPT VALUES( N'PE0.003.1' , N'14' ,7 );
INSERT INTO TRANSCRIPT VALUES( N'PE0.003.1' , N'17' ,0 );
INSERT INTO TRANSCRIPT VALUES( N'PE0.003.1' , N'16' ,4 );
INSERT INTO TRANSCRIPT VALUES( N'PE0.003.1' , N'19' ,8 );
INSERT INTO TRANSCRIPT VALUES( N'PE0.003.1' , N'18' ,0 );
INSERT INTO TRANSCRIPT VALUES( N'PE0.003.1' , N'21' ,6 );
INSERT INTO TRANSCRIPT VALUES( N'PE0.003.1' , N'20' ,8 );
INSERT INTO TRANSCRIPT VALUES( N'PE0.003.1' , N'23' ,7 );
INSERT INTO TRANSCRIPT VALUES( N'PE0.003.1' , N'22' ,1 );
INSERT INTO TRANSCRIPT VALUES( N'PE0.003.1' , N'25' ,6 );
INSERT INTO TRANSCRIPT VALUES( N'PE0.003.1' , N'24' ,6 );
INSERT INTO TRANSCRIPT VALUES( N'PE0.003.1' , N'27' ,1 );
INSERT INTO TRANSCRIPT VALUES( N'PE0.003.1' , N'26' ,2 );
INSERT INTO TRANSCRIPT VALUES( N'PE0.003.1' , N'29' ,4 );
INSERT INTO TRANSCRIPT VALUES( N'PE0.003.1' , N'28' ,5 );
INSERT INTO TRANSCRIPT VALUES( N'PE0.003.1' , N'31' ,8 );
INSERT INTO TRANSCRIPT VALUES( N'PE0.003.1' , N'30' ,5 );
INSERT INTO TRANSCRIPT VALUES( N'PE0.003.1' , N'33' ,6 );
INSERT INTO TRANSCRIPT VALUES( N'PE0.003.1' , N'32' ,9 );
INSERT INTO TRANSCRIPT VALUES( N'PE0.003.1' , N'35' ,1 );
INSERT INTO TRANSCRIPT VALUES( N'PE0.003.1' , N'34' ,2 );
INSERT INTO TRANSCRIPT VALUES( N'PE0.003.1' , N'37' ,3 );
INSERT INTO TRANSCRIPT VALUES( N'PE0.003.1' , N'36' ,1 );
INSERT INTO TRANSCRIPT VALUES( N'PE0.003.1' , N'39' ,8 );
INSERT INTO TRANSCRIPT VALUES( N'PE0.003.1' , N'38' ,4 );
INSERT INTO TRANSCRIPT VALUES( N'PE0.003.1' , N'41' ,4 );
INSERT INTO TRANSCRIPT VALUES( N'PE0.003.1' , N'40' ,9 );
INSERT INTO TRANSCRIPT VALUES( N'PE0.003.1' , N'43' ,3 );
INSERT INTO TRANSCRIPT VALUES( N'PE0.003.1' , N'42' ,2 );
INSERT INTO TRANSCRIPT VALUES( N'PE0.003.1' , N'45' ,7 );
INSERT INTO TRANSCRIPT VALUES( N'PE0.003.1' , N'44' ,9 );
INSERT INTO TRANSCRIPT VALUES( N'PE0.004.1' , N'2' ,6 );
INSERT INTO TRANSCRIPT VALUES( N'PE0.004.1' , N'1' ,9 );
INSERT INTO TRANSCRIPT VALUES( N'PE0.004.1' , N'4' ,7 );
INSERT INTO TRANSCRIPT VALUES( N'PE0.004.1' , N'3' ,1 );
INSERT INTO TRANSCRIPT VALUES( N'PE0.004.1' , N'6' ,9 );
INSERT INTO TRANSCRIPT VALUES( N'PE0.004.1' , N'5' ,4 );
INSERT INTO TRANSCRIPT VALUES( N'PE0.004.1' , N'8' ,3 );
INSERT INTO TRANSCRIPT VALUES( N'PE0.004.1' , N'7' ,9 );
INSERT INTO TRANSCRIPT VALUES( N'PE0.004.1' , N'10' ,9 );
INSERT INTO TRANSCRIPT VALUES( N'PE0.004.1' , N'9' ,7 );
INSERT INTO TRANSCRIPT VALUES( N'PE0.004.1' , N'12' ,9 );
INSERT INTO TRANSCRIPT VALUES( N'PE0.004.1' , N'11' ,3 );
INSERT INTO TRANSCRIPT VALUES( N'PE0.004.1' , N'14' ,1 );
INSERT INTO TRANSCRIPT VALUES( N'PE0.004.1' , N'13' ,2 );
INSERT INTO TRANSCRIPT VALUES( N'PE0.004.1' , N'16' ,6 );
INSERT INTO TRANSCRIPT VALUES( N'PE0.004.1' , N'15' ,7 );
INSERT INTO TRANSCRIPT VALUES( N'PE0.004.1' , N'18' ,6 );
INSERT INTO TRANSCRIPT VALUES( N'PE0.004.1' , N'17' ,10 );
INSERT INTO TRANSCRIPT VALUES( N'PE0.004.1' , N'20' ,5 );
INSERT INTO TRANSCRIPT VALUES( N'PE0.004.1' , N'19' ,5 );
INSERT INTO TRANSCRIPT VALUES( N'PE0.004.1' , N'22' ,0 );
INSERT INTO TRANSCRIPT VALUES( N'PE0.004.1' , N'21' ,8 );
INSERT INTO TRANSCRIPT VALUES( N'PE0.004.1' , N'24' ,9 );
INSERT INTO TRANSCRIPT VALUES( N'PE0.004.1' , N'23' ,1 );
INSERT INTO TRANSCRIPT VALUES( N'PE0.004.1' , N'26' ,0 );
INSERT INTO TRANSCRIPT VALUES( N'PE0.004.1' , N'25' ,7 );
INSERT INTO TRANSCRIPT VALUES( N'PE0.004.1' , N'28' ,9 );
INSERT INTO TRANSCRIPT VALUES( N'PE0.004.1' , N'27' ,8 );
INSERT INTO TRANSCRIPT VALUES( N'PE0.004.1' , N'30' ,9 );
INSERT INTO TRANSCRIPT VALUES( N'PE0.004.1' , N'29' ,4 );
INSERT INTO TRANSCRIPT VALUES( N'PE0.004.1' , N'32' ,2 );
INSERT INTO TRANSCRIPT VALUES( N'PE0.004.1' , N'31' ,9 );
INSERT INTO TRANSCRIPT VALUES( N'PE0.004.1' , N'34' ,2 );
INSERT INTO TRANSCRIPT VALUES( N'PE0.004.1' , N'33' ,4 );
INSERT INTO TRANSCRIPT VALUES( N'PE0.004.1' , N'36' ,5 );
INSERT INTO TRANSCRIPT VALUES( N'PE0.004.1' , N'35' ,4 );
INSERT INTO TRANSCRIPT VALUES( N'PE0.004.1' , N'38' ,10 );
INSERT INTO TRANSCRIPT VALUES( N'PE0.004.1' , N'37' ,2 );
INSERT INTO TRANSCRIPT VALUES( N'PE0.004.1' , N'40' ,0 );
INSERT INTO TRANSCRIPT VALUES( N'PE0.004.1' , N'39' ,0 );
INSERT INTO TRANSCRIPT VALUES( N'PE0.004.1' , N'42' ,9 );
INSERT INTO TRANSCRIPT VALUES( N'PE0.004.1' , N'41' ,8 );
INSERT INTO TRANSCRIPT VALUES( N'PE0.004.1' , N'44' ,1 );
INSERT INTO TRANSCRIPT VALUES( N'PE0.004.1' , N'43' ,3 );
Z